isim,slug,kurulus,tur,il,bolge,website,eposta,telefon,fax,adres,rektor,profesor,docent,doktor,ogretim,arastirma,onlisanserkek,onlisanskadin,onlisanstoplam,lisanserkek,lisanskadin,lisanstoplam,yukseklisanserkek,yukseklisanskadin,yukseklisanstoplam,doktoraerkek,doktorakadin,doktoratoplam,toplamerkek,toplamkadin,toplam
ABDULLAH GÜL ÜNİVERSİTESİ,abdullah-gul-universitesi,21.07.2010,DEVLET,KAYSERİ,İÇ ANADOLU,http://www.agu.edu.tr/rektorluk-ofisi,ozelkalem@agu.edu.tr,3522248800,0352 338 88 28,Barbaros Mahallesi Sümer Kampüsü Kocasinan-KAYSERİ,CENGİZ YILMAZ,14.0,17.0,65.0,82.0,101.0,0.0,0.0,0.0,1432.0,1238.0,2670.0,79.0,53.0,132.0,47.0,56.0,103.0,1558.0,1347.0,2905.0
ACIBADEM MEHMET ALİ AYDINLAR ÜNİVERSİTESİ,acibadem-mehmet-ali-aydinlar-universitesi,18.05.2007,VAKIF,İSTANBUL,MARMARA,http://www.acibadem.edu.tr,info@acibadem.edu.tr,2165004444,2165775048,İçerenköy Mah. Kayışdağı Cad. No:32 İçerenköy 34752 Ataşehir İstanbul,AHMET ŞAHİN,156.0,76.0,114.0,80.0,115.0,549.0,1333.0,1882.0,756.0,2086.0,2842.0,51.0,197.0,248.0,32.0,130.0,162.0,1388.0,3746.0,5134.0
ADANA ALPARSLAN TÜRKEŞ BİLİM VE TEKNOLOJİ ÜNİVERSİTESİ,adana-alparslan-turkes-bilim-ve-teknoloji-universitesi,14.04.2011,DEVLET,ADANA,AKDENİZ,http://www.atu.edu.tr,rektorluk@atu.edu.tr,3224550001,3224550002,"Balcalı Mahallesi, Çatalan Caddesi No:201/1 01250 Sarıçam/ADANA",MEHMET TÜMAY,21.0,49.0,102.0,75.0,159.0,0.0,0.0,0.0,1881.0,1295.0,3176.0,516.0,383.0,899.0,65.0,52.0,117.0,2462.0,1730.0,4192.0
ADIYAMAN ÜNİVERSİTESİ,adiyaman-universitesi,17.03.2006,DEVLET,ADIYAMAN,GÜNEYDOĞU ANADOLU,http://www.adiyaman.edu.tr/,bidb@adiyaman.edu.tr,4162233840,0416 223 38 43,"Adıyaman Üniversitesi, Altınşehir Mh. 3005 Sokak No:13 02040   ADIYAMAN",MEHMET TURGUT,82.0,134.0,247.0,190.0,292.0,5254.0,2812.0,8066.0,4822.0,5375.0,10197.0,197.0,194.0,391.0,36.0,25.0,61.0,10309.0,8406.0,18715.0
AFYON KOCATEPE ÜNİVERSİTESİ,afyon-kocatepe-universitesi,11.07.1992,DEVLET,AFYONKARAHİSAR,EGE,http://www.aku.edu.tr,ozkalem@aku.edu.tr,2724440303,0272 2281401,Afyon Kocatepe Üniversitesi Rektörlüğü\nANS Kampusü Gazlıgöl Yolu Üzeri\n,MEHMET KARAKAŞ,165.0,113.0,253.0,310.0,206.0,5924.0,3610.0,9534.0,8828.0,8630.0,17458.0,1361.0,1172.0,2533.0,283.0,184.0,467.0,16396.0,13596.0,29992.0
AFYONKARAHİSAR SAĞLIK BİLİMLERİ ÜNİVERSİTESİ,afyonkarahisar-saglik-bilimleri-universitesi,18.05.2018,DEVLET,AFYONKARAHİSAR,EGE,www.afsu.edu.tr,afsu@afsu.edu.tr,2722463335,2722281429,Zafer Sağlık Külliyesi\nDörtyol Mah. 2078.Sok No:3\nAFYONKARAHİSAR,NURULLAH OKUMUŞ,43.0,49.0,158.0,88.0,234.0,701.0,1939.0,2640.0,1390.0,2645.0,4035.0,6.0,34.0,40.0,15.0,6.0,21.0,2112.0,4624.0,6736.0
AĞRI İBRAHİM ÇEÇEN ÜNİVERSİTESİ,agri-ibrahim-cecen-universitesi,29.05.2007,DEVLET,AĞRI,DOĞU ANADOLU,http://www.agri.edu.tr,gensek@agri.edu.tr,4722162008,4722151182,Erzurum yolu  4 km 04100 Merkez / AĞRI,ABDULHALİK KARABULUT,35.0,70.0,167.0,142.0,109.0,2322.0,2011.0,4333.0,3867.0,4423.0,8290.0,460.0,351.0,811.0,23.0,13.0,36.0,6672.0,6798.0,13470.0
AKDENİZ ÜNİVERSİTESİ,akdeniz-universitesi,20.07.1982,DEVLET,ANTALYA,AKDENİZ,http://www.akdeniz.edu.tr,info@akdeniz.edu.tr,2422274400,2422274958,Akdeniz Üniversitesi Kampüs Antalya,ÖZLENEN ÖZKAN,540.0,314.0,491.0,674.0,810.0,13541.0,7972.0,21513.0,20494.0,16895.0,37389.0,1798.0,2095.0,3893.0,737.0,803.0,1540.0,36570.0,27765.0,64335.0
AKSARAY ÜNİVERSİTESİ,aksaray-universitesi,17.03.2006,DEVLET,AKSARAY,İÇ ANADOLU,www.aksaray.edu.tr,gensek@aksaray.edu.tr,03822883026-,3822883026,Bahçesaray Mah.68100 AKSARAY,YUSUF ŞAHİN,119.0,146.0,239.0,198.0,190.0,2343.0,1812.0,4155.0,6140.0,6547.0,12687.0,1285.0,912.0,2197.0,99.0,86.0,185.0,9867.0,9357.0,19224.0
ALANYA ALAADDİN KEYKUBAT ÜNİVERSİTESİ,alanya-alaaddin-keykubat-universitesi,23.04.2015,DEVLET,ANTALYA,AKDENİZ,http://www.alanya.edu.tr/,alku@alanya.edu.tr,2425106060,2425106019,Kestel Mahallesi Üniversite Caddesi No:80 Alanya/ANTALYA,EKREM KALAN,52.0,68.0,171.0,164.0,122.0,3228.0,2001.0,5229.0,4781.0,3636.0,8417.0,196.0,222.0,418.0,35.0,36.0,71.0,8240.0,5895.0,14135.0
ALANYA HAMDULLAH EMİN PAŞA ÜNİVERSİTESİ,alanya-hamdullah-emin-pasa-universitesi,3.03.2011,VAKIF,ANTALYA,AKDENİZ,http://www.ahep.edu.tr,info@ahep.edu.tr,2425136969,0242 513 69 66,"Cikcilli Beldesi, Saraybeleni Mahallesi, Saraybeleni Cad. No:7, PK 80 07400, Alanya, ",EBRU GÜLBUĞ EROL,5.0,3.0,18.0,15.0,7.0,12.0,8.0,20.0,201.0,162.0,363.0,18.0,22.0,40.0,0.0,0.0,0.0,231.0,192.0,423.0
ALTINBAŞ ÜNİVERSİTESİ,altinbas-universitesi,22.05.2008,VAKIF,İSTANBUL,MARMARA,http://www.altinbas.edu.tr/tr,ik@altinbas.edu.tr,2126040100,2124459255,"Mahmutbey, Dİlmenler Cd. No. 26 Bağcılar, İstanbul",ÇAĞRI ERHAN,75.0,46.0,164.0,81.0,84.0,451.0,1082.0,1533.0,4178.0,3196.0,7374.0,2071.0,1135.0,3206.0,206.0,132.0,338.0,6906.0,5545.0,12451.0
AMASYA ÜNİVERSİTESİ,amasya-universitesi,17.03.2006,DEVLET,AMASYA,KARADENİZ,http://www.amasya.edu.tr,webadmin@amasya.edu.tr,3582115005,0 358 218 01 04,Akbilek Mah. Hakimiyet cad. Milli Hakimiyet Yerleşkesi No:4/3 PK: 05100 ,SÜLEYMAN ELMACI,48.0,94.0,236.0,200.0,127.0,4562.0,3970.0,8532.0,2553.0,3929.0,6482.0,715.0,539.0,1254.0,17.0,14.0,31.0,7847.0,8452.0,16299.0
ANADOLU ÜNİVERSİTESİ,anadolu-universitesi,30.11.1973,DEVLET,ESKİŞEHİR,İÇ ANADOLU,http://www.anadolu.edu.tr/,gensek@anadolu.edu.tr,2223350581,2223353616,"Anadolu Üniversitesi Yunus Emre Kampusü, 26470 Tepebaşı/ESKİŞEHİR",FUAT ERDAL,329.0,185.0,261.0,514.0,227.0,806556.0,933561.0,1740117.0,1037284.0,755079.0,1792363.0,2203.0,2246.0,4449.0,776.0,889.0,1665.0,1846819.0,1691775.0,3538594.0
ANKA TEKNOLOJİ ÜNİVERSİTESİ,anka-teknoloji-universitesi,18.06.2013,VAKIF,ANKARA,İÇ ANADOLU,-,-,0,-,-,- -,,,,,,,,,,,,,,,,,,,,
ANKARA BİLİM ÜNİVERSİTESİ,ankara-bilim-universitesi,17.04.2020,VAKIF,ANKARA,İÇ ANADOLU,www.ankarabilim.edu.tr,info@ankarabilim.edu.tr,3123970150,3123970150,Çamlıca Mah.Anadolu Bulv.No:16A/1 Yenimahalle Ankara,YAVUZ DEMİR,6.0,4.0,48.0,5.0,17.0,0.0,0.0,0.0,320.0,331.0,651.0,39.0,18.0,57.0,0.0,0.0,0.0,359.0,349.0,708.0
ANKARA HACI BAYRAM VELİ ÜNİVERSİTESİ,ankara-haci-bayram-veli-universitesi,18.05.2018,DEVLET,ANKARA,İÇ ANADOLU,https://hacibayram.edu.tr,hbv@hbv.edu.tr,+90 (312) 231 7360,3122313881,Ankara Hacı Bayram Veli Üniversitesi Yüce Tepe Mahallesi 85.Cadde No.8 06570 ,YUSUF TEKİN,307.0,171.0,210.0,156.0,226.0,577.0,1147.0,1724.0,8466.0,10509.0,18975.0,1291.0,1757.0,3048.0,1049.0,1139.0,2188.0,11383.0,14552.0,25935.0
ANKARA MEDİPOL ÜNİVERSİTESİ,ankara-medipol-universitesi,18.05.2018,VAKIF,ANKARA,İÇ ANADOLU,www.ankaramedipol.edu.tr,bilgi@ankaramedipol.edu.tr,4442010,3129201006,"Hacı Bayram Mahallesi, Talatpaşa Blv. No:2 06050 Altındağ/Ankara",AHMET ZEKİ ŞENGİL,23.0,14.0,144.0,72.0,33.0,629.0,948.0,1577.0,958.0,2016.0,2974.0,2.0,53.0,55.0,0.0,20.0,20.0,1589.0,3037.0,4626.0
ANKARA MÜZİK VE GÜZEL SANATLAR ÜNİVERSİTESİ,ankara-muzik-ve-guzel-sanatlar-universitesi,1.07.2017,DEVLET,ANKARA,İÇ ANADOLU,http://www.mgu.edu.tr,iletisim@mgu.edu.tr,3124860386,3124861795,Yukarı Dikmen Mah. Turan Güneş Bul. Neşet Ertaş Cad. No:4 Oran Ankara,ERHAN ÖZDEN,9.0,15.0,31.0,28.0,13.0,0.0,0.0,0.0,226.0,141.0,367.0,101.0,62.0,163.0,27.0,18.0,45.0,354.0,221.0,575.0
ANKARA SOSYAL BİLİMLER ÜNİVERSİTESİ,ankara-sosyal-bilimler-universitesi,31.01.2013,DEVLET,ANKARA,İÇ ANADOLU,http://www.asbu.edu.tr/,bilgi@asbu.edu.tr,3125964444,3125964424,Hükümet Meydanı No: 2 Ulus/ANKARA,MUSA KAZIM ARICAN,54.0,48.0,86.0,90.0,82.0,3.0,3.0,6.0,1165.0,1622.0,2787.0,548.0,483.0,1031.0,153.0,102.0,255.0,1869.0,2210.0,4079.0
ANKARA ÜNİVERSİTESİ,ankara-universitesi,13.06.1946,DEVLET,ANKARA,İÇ ANADOLU,http://www.ankara.edu.tr,ankara@ankara.edu.tr,3122234361,0312 2236370,Ankara Üniversitesi Rektörlüğü Tandoğan/ANKARA,NECDET ÜNÜVAR,1111.0,364.0,281.0,684.0,1307.0,4881.0,5042.0,9923.0,22339.0,25932.0,48271.0,2562.0,3189.0,5751.0,3007.0,3269.0,6276.0,32789.0,37432.0,70221.0
ANKARA YILDIRIM BEYAZIT ÜNİVERSİTESİ,ankara-yildirim-beyazit-universitesi,21.07.2010,DEVLET,ANKARA,İÇ ANADOLU,www.aybu.edu.tr,destek@ybu.edu.tr,3129061000,3129062950,Ankara Yıldırım Beyazıt Üniversitesi Esenboğa Külliyesi Dumlupınar Mahallesi ,İBRAHİM AYDINLI,285.0,211.0,264.0,239.0,382.0,1258.0,1762.0,3020.0,7126.0,9512.0,16638.0,1565.0,1682.0,3247.0,708.0,553.0,1261.0,10657.0,13509.0,24166.0
ANTALYA AKEV ÜNİVERSİTESİ,antalya-akev-universitesi,23.04.2015,VAKIF,ANTALYA,AKDENİZ,www.akev.edu.tr,info@akev.edu.tr,444 1 264,0 242 777 10 41,Kadriye Mah Celal Bayar CAd No:5-6 Serik-Antalya 07525,KAMİLE AKGÜL,8.0,1.0,17.0,38.0,8.0,253.0,227.0,480.0,287.0,300.0,587.0,0.0,0.0,0.0,0.0,0.0,0.0,540.0,527.0,1067.0
ANTALYA BİLİM ÜNİVERSİTESİ,antalya-bilim-universitesi,21.07.2010,VAKIF,ANTALYA,AKDENİZ,http://www.antalya.edu.tr/,info@antalya.edu.tr,2422450000,2422450100,Çıplaklı Mah. Akdeniz Bulvarı No:290/A Döşemealtı / ANTALYA,İSMAİL YÜKSEK,48.0,19.0,120.0,63.0,38.0,465.0,795.0,1260.0,1801.0,1913.0,3714.0,271.0,275.0,546.0,3.0,1.0,4.0,2540.0,2984.0,5524.0
ARDAHAN ÜNİVERSİTESİ,ardahan-universitesi,22.05.2008,DEVLET,ARDAHAN,DOĞU ANADOLU,http://www.ardahan.edu.tr,rektorluk@ardahan.edu.tr,4782117575,4782117509,"Ardahan Üniversitesi Yenisey Kampüsü, Rektörlük Hizmet Binası, Çamlıçatak ",MEHMET BİBER,17.0,28.0,105.0,130.0,90.0,1036.0,1173.0,2209.0,1547.0,1371.0,2918.0,211.0,168.0,379.0,18.0,22.0,40.0,2812.0,2734.0,5546.0
ARTVİN ÇORUH ÜNİVERSİTESİ,artvin-coruh-universitesi,29.05.2007,DEVLET,ARTVİN,KARADENİZ,http://www.artvin.edu.tr,ozelkalem@artvin.edu.tr,4662151010,4662151011,Artvin Çoruh Üniversitesi Rektörlüğü Fidanlık Mah.Kapı Nu.110 08000 Seyitler ,MUSTAFA SITKI BİLGİN,24.0,62.0,166.0,194.0,120.0,2890.0,3097.0,5987.0,1901.0,2766.0,4667.0,268.0,236.0,504.0,17.0,19.0,36.0,5076.0,6118.0,11194.0
ATAŞEHİR ADIGÜZEL MESLEK YÜKSEKOKULU,atasehir-adiguzel-meslek-yuksekokulu,16.03.2014,VAKIF MYO,İSTANBUL,MARMARA,http://www.adiguzel.edu.tr/,iletisim@adiguzel.edu.tr,02164557770 - 74,0 216 548 28 17,Yenişehir Mahallesi Barajyolu Caddesi Çağlayan Sokak No:18 Ataşehir / İstanbul,- -,1.0,0.0,1.0,14.0,0.0,634.0,307.0,941.0,0.0,0.0,0.0,0.0,0.0,0.0,0.0,0.0,0.0,634.0,307.0,941.0
ATATÜRK ÜNİVERSİTESİ,ataturk-universitesi,31.05.1957,DEVLET,ERZURUM,DOĞU ANADOLU,http://www.atauni.edu.tr,ata@atauni.edu.tr,4422311001,0442 236 10 14,Atatürk Üniversitesi Rektörlüğü Yakutiye/Erzurum,ÖMER ÇOMAKLI,641.0,329.0,597.0,304.0,889.0,178164.0,211652.0,389816.0,71344.0,77695.0,149039.0,4097.0,3910.0,8007.0,1410.0,1189.0,2599.0,255015.0,294446.0,549461.0
ATILIM ÜNİVERSİTESİ,atilim-universitesi,15.07.1997,VAKIF,ANKARA,İÇ ANADOLU,www.atilim.edu.tr,atiliminfo@atilim.edu.tr,3125868200,3125868091,Atılım Üniversitesi Kızılcaşar Mah. İncek Kampüsü Gölbaşı/İncek/ANKARA,MEHMET YILDIRIM ÜÇTUĞ,109.0,52.0,150.0,131.0,115.0,75.0,201.0,276.0,4687.0,3558.0,8245.0,474.0,436.0,910.0,104.0,101.0,205.0,5340.0,4296.0,9636.0
AVRASYA ÜNİVERSİTESİ,avrasya-universitesi,10.12.2010,VAKIF,TRABZON,KARADENİZ,http://www.avrasya.edu.tr,info@avrasya.edu.tr,4623346444-45-47,4623346454,Avrasya Üniversitesi Rektörlüğü\nAdnan Kahvesi Mah. Rize Caddesi\n,GÜLAY YEGİNOĞLU,32.0,3.0,65.0,92.0,26.0,963.0,1353.0,2316.0,1066.0,1422.0,2488.0,145.0,100.0,245.0,20.0,8.0,28.0,2194.0,2883.0,5077.0
AYDIN ADNAN MENDERES ÜNİVERSİTESİ,aydin-adnan-menderes-universitesi,11.07.1992,DEVLET,AYDIN,EGE,http://www.adu.edu.tr,ozelkalem@adu.edu.tr,2562182030,2562146688,AYTEPE MEVKİ AYDIN,OSMAN SELÇUK ALDEMİR,369.0,251.0,308.0,412.0,541.0,9019.0,8177.0,17196.0,12711.0,12706.0,25417.0,1320.0,1509.0,2829.0,316.0,440.0,756.0,23366.0,22832.0,46198.0
BAHÇEŞEHİR ÜNİVERSİTESİ,bahcesehir-universitesi,18.01.1998,VAKIF,İSTANBUL,MARMARA,http://www.bahcesehir.edu.tr,genelsekreterlik@bau.edu.tr,2123810000,2123810020,"Çırağan Caddesi Osmanpaşa Mektebi Sokak No: 4-6 3453 Beşiktaş, İSTANBUL / ",ŞİRİN KARADENİZ ORAN,133.0,95.0,298.0,165.0,117.0,481.0,868.0,1349.0,10913.0,9249.0,20162.0,2341.0,3180.0,5521.0,220.0,294.0,514.0,13955.0,13591.0,27546.0
BALIKESİR ÜNİVERSİTESİ,balikesir-universitesi,11.07.1992,DEVLET,BALIKESİR,MARMARA,http://www.balikesir.edu.tr,ozelklm@balikesir.edu.tr,2666121400,2666121412,"Balıkesir Üniversitesi Çağış Yerleşkesi (Bigadiç yolu üzeri 17. km) 10145, BALIKESİR",İLTER KUŞ,209.0,178.0,266.0,261.0,367.0,5223.0,2989.0,8212.0,9168.0,9307.0,18475.0,744.0,795.0,1539.0,166.0,143.0,309.0,15301.0,13234.0,28535.0
BANDIRMA ONYEDİ EYLÜL ÜNİVERSİTESİ,bandirma-onyedi-eylul-universitesi,23.04.2015,DEVLET,BALIKESİR,MARMARA,http://www.bandirma.edu.tr,rektorluk@bandirma.edu.tr,2667170117,0266 717 00 30,Yeni Mh. Şehit Astsubay Mustafa Soner Varlık Cd. No:77 Bandırma/BALIKESİR,SÜLEYMAN ÖZDEMİR,44.0,77.0,194.0,110.0,120.0,3199.0,2654.0,5853.0,5447.0,4417.0,9864.0,727.0,477.0,1204.0,68.0,59.0,127.0,9441.0,7607.0,17048.0
BARTIN ÜNİVERSİTESİ,bartin-universitesi,22.05.2008,DEVLET,BARTIN,KARADENİZ,http://www.bartin.edu.tr/,ozelkalem@bartin.edu.tr,3782235500,3782235042,Bartın Üniversitesi Rektörlüğü Merkez/BARTIN,ORHAN UZUN,42.0,113.0,181.0,172.0,173.0,2898.0,2607.0,5505.0,5577.0,5013.0,10590.0,726.0,517.0,1243.0,46.0,62.0,108.0,9247.0,8199.0,17446.0
BAŞKENT ÜNİVERSİTESİ,baskent-universitesi,15.01.1994,VAKIF,ANKARA,İÇ ANADOLU,http://www.baskent.edu.tr,rektorlk@baskent.edu.tr,0312 234 12 15,0312 246 66 04,Bağlıca Kampüsü Fatih Sultan Mahallesi\nEskişehir Yolu 18.km TR 06790\n,- -,391.0,187.0,328.0,408.0,438.0,1250.0,1383.0,2633.0,5201.0,7077.0,12278.0,652.0,998.0,1650.0,254.0,359.0,613.0,7357.0,9817.0,17174.0
BATMAN ÜNİVERSİTESİ,batman-universitesi,29.05.2007,DEVLET,BATMAN,GÜNEYDOĞU ANADOLU,http://www.batman.edu.tr,batman@batman.edu.tr,4882173800,4882173601,"Batı Raman 72100 Batman, Türkiye",İDRİS DEMİR,35.0,54.0,182.0,129.0,89.0,3677.0,2767.0,6444.0,2908.0,2089.0,4997.0,1391.0,572.0,1963.0,59.0,20.0,79.0,8035.0,5448.0,13483.0
BAYBURT ÜNİVERSİTESİ,bayburt-universitesi,22.05.2008,DEVLET,BAYBURT,KARADENİZ,https://bayburt.edu.tr,rektor@bayburt.edu.tr,04582111152-57,0 458 211 11 27,Dede Korkut Külliyesi 69000 / BAYBURT,MUTLU TÜRKMEN,13.0,44.0,155.0,157.0,95.0,2373.0,2683.0,5056.0,3330.0,3903.0,7233.0,546.0,292.0,838.0,48.0,14.0,62.0,6297.0,6892.0,13189.0
İSTANBUL BEYKENT ÜNİVERSİTESİ,beykent-universitesi,15.07.1997,VAKIF,İSTANBUL,MARMARA,www.beykent.edu.tr,rektor@beykent.edu.tr,4441997 -  2002,2122896487,"Ayazağa Mahallesi, Hadım Koru Yolu Caddesi, No:19 Sarıyer/İSTANBUL",ALİ MURAT FERMAN,114.0,53.0,344.0,196.0,154.0,5222.0,5556.0,10778.0,9772.0,8174.0,17946.0,955.0,875.0,1830.0,67.0,63.0,130.0,16016.0,14668.0,30684.0
BEYKOZ ÜNİVERSİTESİ,beykoz-universitesi,7.09.2016,VAKIF,İSTANBUL,MARMARA,www.beykoz.edu.tr,bilgi@beykoz.edu.tr,216 912 2252,216 413 9520,Kavacık Mahallesi Orhan Veli Kanık Caddesi No:114 Kavacık Beykoz ,MEHMET DURMAN,27.0,13.0,67.0,56.0,23.0,1485.0,1188.0,2673.0,1207.0,1125.0,2332.0,309.0,242.0,551.0,0.0,0.0,0.0,3001.0,2555.0,5556.0
BEZM-İ ÂLEM VAKIF ÜNİVERSİTESİ,bezm-i-alem-vakif-universitesi,24.04.2010,VAKIF,İSTANBUL,MARMARA,http://www.bezmialem.edu.tr/,info@bezmialem.edu.tr,2125232288,0212 621 75 78,Adnan Menderes Bulvarı Vatan Cad. 34093 Fatih/İSTANBUL,RÜMEYZA KAZANCIOĞLU,99.0,58.0,89.0,61.0,355.0,201.0,617.0,818.0,577.0,1548.0,2125.0,30.0,70.0,100.0,26.0,60.0,86.0,834.0,2295.0,3129.0
BİLECİK ŞEYH EDEBALİ ÜNİVERSİTESİ,bilecik-seyh-edebali-universitesi,29.05.2007,DEVLET,BİLECİK,MARMARA,http://www.bilecik.edu.tr/,genelsekreterlik@bilecik.edu.tr,2282141111,2282141017,Bilecik Şeyh Edebali Üniversitesi Rektörlüğü 11210 Merkez Bilecik,ŞÜKRÜ BEYDEMİR,62.0,80.0,209.0,251.0,102.0,3355.0,2917.0,6272.0,4833.0,4119.0,8952.0,752.0,432.0,1184.0,84.0,75.0,159.0,9024.0,7543.0,16567.0
BİNGÖL ÜNİVERSİTESİ,bingol-universitesi,29.05.2007,DEVLET,BİNGÖL,DOĞU ANADOLU,http://www.bingol.edu.tr,ozelkalem@bingol.edu.tr,04262160012-15,0426 215 10 20,Selahaddin-i Eyyübi Mah. Üniversite Cad. No:1 BİNGÖL,İBRAHİM ÇAPAK,45.0,64.0,206.0,220.0,184.0,3526.0,3322.0,6848.0,3508.0,3555.0,7063.0,676.0,344.0,1020.0,153.0,29.0,182.0,7863.0,7250.0,15113.0
BİRUNİ ÜNİVERSİTESİ,biruni-universitesi,27.02.2014,VAKIF,İSTANBUL,MARMARA,http://www.biruni.edu.tr/,info@biruni.edu.tr,4448276,0 212 416 46 46,"10. Yıl Caddesi Protokol Yolu No: 45 (Eski Kozlu Mezarlığı altı, Silivrikapı ve ",ADNAN YÜKSEL,107.0,29.0,188.0,55.0,43.0,1097.0,2510.0,3607.0,2070.0,4946.0,7016.0,111.0,357.0,468.0,42.0,69.0,111.0,3320.0,7882.0,11202.0
BİTLİS EREN ÜNİVERSİTESİ,bitlis-eren-universitesi,29.05.2007,DEVLET,BİTLİS,DOĞU ANADOLU,www.beu.edu.tr,info@beu.edu.tr,4342220000,4342220101,Rahva Yerleşkesi Beş Minare Mah. Ahmet Eren Bulvarı 13100 Merkez / Bitlis,NECMETTİN ELMASTAŞ,18.0,57.0,96.0,177.0,131.0,3075.0,2894.0,5969.0,1756.0,1827.0,3583.0,437.0,178.0,615.0,10.0,6.0,16.0,5278.0,4905.0,10183.0
BOĞAZİÇİ ÜNİVERSİTESİ,bogazici-universitesi,12.09.1971,DEVLET,İSTANBUL,MARMARA,http://www.boun.edu.tr,kurumsaliletisim@boun.edu.tr,2123595400,2122656357,Boğaziçi Üniversitesi \n34342 Bebek/Istanbul Türkiye,MEHMET NACİ İNCİ,205.0,116.0,172.0,217.0,260.0,0.0,0.0,0.0,7131.0,5641.0,12772.0,1150.0,944.0,2094.0,473.0,496.0,969.0,8754.0,7081.0,15835.0
BOLU ABANT İZZET BAYSAL ÜNİVERSİTESİ,bolu-abant-izzet-baysal-universitesi,11.07.1992,DEVLET,BOLU,KARADENİZ,http://www.ibu.edu.tr/,bilgi@ibu.edu.tr,0 374 2541000,0 374 2534506,Abant İzzet Baysal Üniversitesi Gölköy Kampüsü 14280 BOLU,MUSTAFA ALİŞARLI,229.0,204.0,337.0,259.0,515.0,3585.0,3131.0,6716.0,8807.0,11355.0,20162.0,910.0,981.0,1891.0,260.0,275.0,535.0,13562.0,15742.0,29304.0
BURDUR MEHMET AKİF ERSOY ÜNİVERSİTESİ,burdur-mehmet-akif-ersoy-universitesi,17.03.2006,DEVLET,BURDUR,AKDENİZ,http://www.mehmetakif.edu.tr,rektorluk@mehmetakif.edu.tr,2482131000,2482122718,İstiklal Yerleşkesi BURDUR,ADEM KORKMAZ,137.0,140.0,319.0,333.0,147.0,5952.0,5593.0,11545.0,8296.0,8865.0,17161.0,1052.0,976.0,2028.0,177.0,152.0,329.0,15477.0,15586.0,31063.0
BURSA TEKNİK ÜNİVERSİTESİ,bursa-teknik-universitesi,21.07.2010,DEVLET,BURSA,MARMARA,http://btu.edu.tr/,ozelkalem@btu.edu.tr,2243003304,2243003329,Mimar Sinan Mahallesi Mimar Sinan Bulvarı Eflak Caddesi No:177 16310 Yıldırım/BURSA,ARİF KARADEMİR,54.0,49.0,147.0,85.0,178.0,0.0,0.0,0.0,3577.0,3324.0,6901.0,932.0,674.0,1606.0,140.0,114.0,254.0,4649.0,4112.0,8761.0
BURSA ULUDAĞ ÜNİVERSİTESİ,bursa-uludag-universitesi,11.04.1975,DEVLET,BURSA,MARMARA,http://www.uludag.edu.tr/,ozelkalem@uludag.edu.tr,2242940000,0 224 294 00 37,Görükle Kampusu 16059 Nilüfer/BURSA,AHMET SAİM KILAVUZ,680.0,305.0,251.0,592.0,682.0,12184.0,8082.0,20266.0,20671.0,19669.0,40340.0,1979.0,2408.0,4387.0,1156.0,1024.0,2180.0,35990.0,31183.0,67173.0
ÇAĞ ÜNİVERSİTESİ,cag-universitesi,15.07.1997,VAKIF,MERSİN,AKDENİZ,http://www.cag.edu.tr/,cag@cag.edu.tr,3246514800,3246514811,Adana-Mersin D 400 Karayolu Üzeri 33800 Yenice-Tarsus/MERSİN,ÜNAL AY,18.0,8.0,37.0,75.0,31.0,490.0,628.0,1118.0,1073.0,1496.0,2569.0,344.0,442.0,786.0,13.0,18.0,31.0,1920.0,2584.0,4504.0
ÇANAKKALE ONSEKİZ MART ÜNİVERSİTESİ,canakkale-onsekiz-mart-universitesi,11.07.1992,DEVLET,ÇANAKKALE,MARMARA,www.comu.edu.tr,ozelkalem@comu.edu.tr,2862180607,2862180608,"Çanakkale Onsekiz Mart Üniversitesi, Terzioğlu Kampüsü, Rektörlük Binası , A ",SEDAT MURAT,312.0,266.0,508.0,454.0,507.0,7468.0,5474.0,12942.0,13013.0,14276.0,27289.0,2258.0,2413.0,4671.0,382.0,393.0,775.0,23121.0,22556.0,45677.0
ÇANKAYA ÜNİVERSİTESİ,cankaya-universitesi,15.07.1997,VAKIF,ANKARA,İÇ ANADOLU,http://www.cankaya.edu.tr/,webadmin@cankaya.edu.tr,03122331000 - 03122844500,03122331029-03122864078,"Çankaya Üniversitesi  Merkez Kampüs : Eskişehir Yolu 29. Km Yukarıyurtçu Mahallesi, ",CAN ÇOĞUN,58.0,33.0,76.0,96.0,35.0,115.0,80.0,195.0,3047.0,2527.0,5574.0,369.0,355.0,724.0,32.0,34.0,66.0,3563.0,2996.0,6559.0
ÇANKIRI KARATEKİN ÜNİVERSİTESİ,cankiri-karatekin-universitesi,29.05.2007,DEVLET,ÇANKIRI,İÇ ANADOLU,www.karatekin.edu.tr,cku@karatekin.edu.tr,3762189500,3762189509,Uluyazı Kampüsü Binası / Çankırı,HARUN ÇİFTÇİ,57.0,92.0,225.0,180.0,202.0,2487.0,1735.0,4222.0,4372.0,4883.0,9255.0,3186.0,2007.0,5193.0,194.0,120.0,314.0,10239.0,8745.0,18984.0
ÇUKUROVA ÜNİVERSİTESİ,cukurova-universitesi,30.11.1973,DEVLET,ADANA,AKDENİZ,www.cu.edu.tr,genel-sekreter@cu.edu.tr,3223386084,3223386945,"Çukurova Üniversitesi Rektörlüğü 01330 Balcalı, Sarıçam / ADANA",MERYEM TUNCEL,551.0,223.0,286.0,462.0,741.0,6943.0,4876.0,11819.0,16717.0,13839.0,30556.0,1665.0,1460.0,3125.0,850.0,823.0,1673.0,26175.0,20998.0,47173.0
DEMİROĞLU BİLİM ÜNİVERSİTESİ,demiroglu-bilim-universitesi,28.03.2006,VAKIF,İSTANBUL,MARMARA,http://www.demiroglu.bilim.edu.tr,info@demiroglu.bilim.edu.tr,2122136486,0212 2139207,Büyükdere Cad. No:120 Esentepe-Şişli İSTANBUL,ÇAVLAN ÇİFTÇİ,59.0,31.0,76.0,21.0,13.0,238.0,591.0,829.0,618.0,1347.0,1965.0,6.0,26.0,32.0,0.0,3.0,3.0,862.0,1967.0,2829.0
DİCLE ÜNİVERSİTESİ,dicle-universitesi,30.11.1973,DEVLET,DİYARBAKIR,GÜNEYDOĞU ANADOLU,www.dicle.edu.tr,gensek@dicle.edu.tr,4122411001,4122411059,21280 Kıtılbil Mahallesi Sur / Diyarbakır,MEHMET KARAKOÇ,344.0,180.0,281.0,274.0,765.0,4352.0,3290.0,7642.0,11277.0,10073.0,21350.0,902.0,671.0,1573.0,474.0,245.0,719.0,17005.0,14279.0,31284.0
DOĞUŞ ÜNİVERSİTESİ,dogus-universitesi,15.07.1997,VAKIF,İSTANBUL,MARMARA,http://www.dogus.edu.tr,rektor@dogus.edu.tr,4447997,0216-327 96 31,Doğuş Üniversitesi Zeamet sk. 34722 Kadıköy/İstanbul,TURGUT ÖZKAN,43.0,22.0,134.0,149.0,76.0,2392.0,2178.0,4570.0,3970.0,3059.0,7029.0,220.0,149.0,369.0,20.0,35.0,55.0,6602.0,5421.0,12023.0
DOKUZ EYLÜL ÜNİVERSİTESİ,dokuz-eylul-universitesi,20.07.1982,DEVLET,İZMİR,EGE,http://www.deu.edu.tr,gen.sek@deu.edu.tr,2324121212,0 232 464 81 35,Cumhuriyet Bulvarı No:144 Alsancak 35210 Konak/İZMİR,- -,712.0,379.0,481.0,675.0,976.0,7673.0,3831.0,11504.0,23878.0,19905.0,43783.0,2198.0,2973.0,5171.0,1098.0,1208.0,2306.0,34847.0,27917.0,62764.0
DÜZCE ÜNİVERSİTESİ,duzce-universitesi,17.03.2006,DEVLET,DÜZCE,KARADENİZ,http://www.duzce.edu.tr/,gensek@duzce.edu.tr,3805421101,0 380 542 11 09,Düzce Üniversitesi Rektörlüğü Genel Sekreterlik Beçi Kampüsü Merkez ,NİGAR DEMİRCAN ÇAKAR,147.0,169.0,295.0,284.0,393.0,4456.0,3018.0,7474.0,10442.0,8255.0,18697.0,1111.0,954.0,2065.0,254.0,169.0,423.0,16263.0,12396.0,28659.0
EGE ÜNİVERSİTESİ,ege-universitesi,1.01.1955,DEVLET,İZMİR,EGE,http://www.ege.edu.tr,webadmin@ege.edu.tr,2323111010,2323434215,Ege Üniversitesi Rektörlüğü Gençlik Caddesi No:12 PK.35040 Bornova / İzmir,- -,907.0,366.0,369.0,579.0,1068.0,8433.0,5502.0,13935.0,16994.0,16867.0,33861.0,2003.0,2835.0,4838.0,1243.0,1782.0,3025.0,28673.0,26986.0,55659.0
ERCİYES ÜNİVERSİTESİ,erciyes-universitesi,20.07.1982,DEVLET,KAYSERİ,İÇ ANADOLU,http://www.erciyes.edu.tr,basinyayin@erciyes.edu.tr,3522076666,352 437 49 31,Talas Yolu Melikgazi 38039 KAYSERİ,MUSTAFA ÇALIŞ,484.0,260.0,391.0,306.0,802.0,806.0,1571.0,2377.0,20299.0,17712.0,38011.0,3596.0,3339.0,6935.0,1297.0,1101.0,2398.0,25998.0,23723.0,49721.0
ERZİNCAN BİNALİ YILDIRIM ÜNİVERSİTESİ,erzincan-binali-yildirim-universitesi,17.03.2006,DEVLET,ERZİNCAN,DOĞU ANADOLU,http://www.erzincan.edu.tr,rektorluk@erzincan.edu.tr,4442266666,4462266665,Erzincan Binali Yıldırım Üniversitesi Rektörlüğü  Yalnızbağ Yerleşkesi- Erzincan/Merkez,AKIN LEVENT,86.0,138.0,337.0,237.0,325.0,5638.0,3960.0,9598.0,5770.0,6829.0,12599.0,576.0,609.0,1185.0,140.0,96.0,236.0,12124.0,11494.0,23618.0
ERZURUM TEKNİK ÜNİVERSİTESİ,erzurum-teknik-universitesi,21.07.2010,DEVLET,ERZURUM,DOĞU ANADOLU,http://www.erzurum.edu.tr/,bilgi@erzurum.edu.tr,4426662525,0442 666 25 32,ERZURUM TEKNİK ÜNİVERSİTESİ Ömer Nasuhi Bilmen Mah. Havaalanı Yolu Cad. ,BÜLENT ÇAKMAK,19.0,42.0,116.0,31.0,139.0,0.0,0.0,0.0,1908.0,1701.0,3609.0,264.0,268.0,532.0,73.0,50.0,123.0,2245.0,2019.0,4264.0
ESKİŞEHİR OSMANGAZİ ÜNİVERSİTESİ,eskisehir-osmangazi-universitesi,18.08.1993,DEVLET,ESKİŞEHİR,İÇ ANADOLU,http://www.ogu.edu.tr,rektor@ogu.edu.tr,2222397148,0222 239 54 00,Eskişehir Osmangazi Üniversitesi Meşelik Kampüsü Büyükdere Mahallesi Prof.Dr.Nabi ,KAMİL ÇOLAK,381.0,213.0,290.0,218.0,671.0,1481.0,1270.0,2751.0,12518.0,10264.0,22782.0,1460.0,1456.0,2916.0,465.0,433.0,898.0,15924.0,13423.0,29347.0
ESKİŞEHİR TEKNİK ÜNİVERSİTESİ,eskisehir-teknik-universitesi,18.05.2018,DEVLET,ESKİŞEHİR,İÇ ANADOLU,https://www.eskisehir.edu.tr/,rektor@eskisehir.edu.tr,0 222 321 35 50,0 222 211 59 01,Eskişehir Teknik Üniversitesi \nİki Eylül Kampüsü 26555 ,TUNCAY DÖĞEROĞLU,166.0,78.0,192.0,133.0,133.0,2204.0,695.0,2899.0,5086.0,3806.0,8892.0,1082.0,732.0,1814.0,337.0,264.0,601.0,8709.0,5497.0,14206.0
FATİH SULTAN MEHMET VAKIF ÜNİVERSİTESİ,fatih-sultan-mehmet-vakif-universitesi,24.04.2010,VAKIF,İSTANBUL,MARMARA,www.fsm.edu.tr,fsm@fsm.edu.tr,2125218100,2125218484,Zeyrek Mah. Büyük karaman Cad. No:53 FATİH/ İSTANBUL,- -,61.0,25.0,105.0,95.0,83.0,338.0,648.0,986.0,2204.0,3061.0,5265.0,264.0,457.0,721.0,134.0,152.0,286.0,2940.0,4318.0,7258.0
FENERBAHÇE ÜNİVERSİTESİ,fenerbahce-universitesi,24.11.2016,VAKIF,İSTANBUL,MARMARA,www.fbu.edu.tr,iletisim@fbu.edu.tr,2169101907,2169101921,"Atatürk Mah. Ataşehir Bulvarı Ertuğrul Gazi Sk. Metropol İstanbul E Blok, 34758 Ataşehir-",MEHMET EMİN ARAT,30.0,23.0,72.0,47.0,32.0,356.0,746.0,1102.0,1240.0,1153.0,2393.0,13.0,7.0,20.0,1.0,1.0,2.0,1610.0,1907.0,3517.0
FIRAT ÜNİVERSİTESİ,firat-universitesi,11.04.1975,DEVLET,ELAZIĞ,DOĞU ANADOLU,http://www.firat.edu.tr/,okalem@firat.edu.tr,4242128510,0424 212 27 17,Fırat Üniversitesi Rektörlüğü 23119 ELAZIĞ,FAHRETTİN GÖKTAŞ,425.0,229.0,322.0,278.0,694.0,4836.0,3322.0,8158.0,13931.0,11137.0,25068.0,1688.0,1455.0,3143.0,582.0,408.0,990.0,21037.0,16322.0,37359.0
GALATASARAY ÜNİVERSİTESİ,galatasaray-universitesi,6.06.1994,DEVLET,İSTANBUL,MARMARA,http://www.gsu.edu.tr,info@gsu.edu.tr,2122274480,2122592332,Galatasaray Üniversitesi Çırağan Cad. No:36 34349 Ortaköy/İstanbul,EYÜP ERTUĞRUL KARSAK,57.0,49.0,54.0,70.0,73.0,118.0,38.0,156.0,1355.0,1291.0,2646.0,492.0,641.0,1133.0,186.0,196.0,382.0,2151.0,2166.0,4317.0
GAZİ ÜNİVERSİTESİ,gazi-universitesi,20.07.1982,DEVLET,ANKARA,İÇ ANADOLU,http://gazi.edu.tr/,ozelkalem@gazi.edu.tr,03122126840-03122022000,0312 221 32 02,Gazi Üniversitesi Rektörlüğü 06500 Teknikokullar / Ankara,MUSA YILDIZ,1016.0,383.0,272.0,488.0,1143.0,2076.0,1440.0,3516.0,12427.0,14059.0,26486.0,2797.0,3221.0,6018.0,1697.0,1995.0,3692.0,18997.0,20715.0,39712.0
GAZİANTEP İSLAM BİLİM VE TEKNOLOJİ ÜNİVERSİTESİ,gaziantep-islam-bilim-ve-teknoloji-universitesi,18.05.2018,DEVLET,GAZİANTEP,GÜNEYDOĞU ANADOLU,http://www.gibtu.edu.tr/,info@gibtu.edu.tr,3429097500,8502589801,Beştepe Mah. 192180 Nolu Cad. 27010 Şahinbey/GAZİANTEP,MEHMET NİHAT HATİPOĞLU,4.0,10.0,65.0,39.0,30.0,189.0,363.0,552.0,424.0,714.0,1138.0,54.0,16.0,70.0,0.0,0.0,0.0,667.0,1093.0,1760.0
GAZİANTEP ÜNİVERSİTESİ,gaziantep-universitesi,27.06.1987,DEVLET,GAZİANTEP,GÜNEYDOĞU ANADOLU,http://www.gantep.edu.tr,reksek@gantep.edu.tr,3423601010,0342 3604377,GAZİANTEP ÜNİVERSİTESİ REKTÖRLÜĞÜ,ARİF ÖZAYDIN,243.0,190.0,343.0,387.0,654.0,7423.0,5829.0,13252.0,11861.0,11325.0,23186.0,3042.0,2541.0,5583.0,484.0,327.0,811.0,22810.0,20022.0,42832.0
GEBZE TEKNİK ÜNİVERSİTESİ,gebze-teknik-universitesi,11.07.1992,DEVLET,KOCAELİ,MARMARA,www.gtu.edu.tr,bilgi@gtu.edu.tr,2626051509,2626538490,Gebze Teknik Üniversitesi Rektörlüğü Cumhuriyet Mah. 2254 Sok. No:2 ,- -,115.0,78.0,127.0,118.0,299.0,0.0,0.0,0.0,3560.0,2569.0,6129.0,1267.0,888.0,2155.0,362.0,369.0,731.0,5189.0,3826.0,9015.0
GİRESUN ÜNİVERSİTESİ,giresun-universitesi,17.03.2006,DEVLET,GİRESUN,KARADENİZ,http://www.giresun.edu.tr/,rektor@giresun.edu.tr,4543101000,0454 310 10 16,Giresun Üniversitesi | Giresun,YILMAZ CAN,110.0,157.0,326.0,348.0,178.0,5598.0,5336.0,10934.0,5911.0,6304.0,12215.0,781.0,779.0,1560.0,85.0,102.0,187.0,12375.0,12521.0,24896.0
GÜMÜŞHANE ÜNİVERSİTESİ,gumushane-universitesi,22.05.2008,DEVLET,GÜMÜŞHANE,KARADENİZ,http://www.gumushane.edu.tr,gumushane@gumushane.edu.tr,4562331000,0456 233 11 19,"Gümüşhane Üniversitesi Rektörlüğü\nBağlarbaşı Mh.\n29000, ",HALİL İBRAHİM ZEYBEK,34.0,72.0,196.0,206.0,140.0,3643.0,4101.0,7744.0,4161.0,4636.0,8797.0,954.0,549.0,1503.0,88.0,52.0,140.0,8846.0,9338.0,18184.0
HACETTEPE ÜNİVERSİTESİ,hacettepe-universitesi,8.07.1967,DEVLET,ANKARA,İÇ ANADOLU,http://hacettepe.edu.tr,ozelkalem@hacettepe.edu.tr,3123051001,3123104051,Hacettepe Üniversitesi Rektörlüğü Sıhhıye/ANKARA,MEHMET CAHİT GÜRAN,946.0,331.0,531.0,618.0,1594.0,3004.0,2382.0,5386.0,16526.0,21002.0,37528.0,2543.0,3400.0,5943.0,1811.0,2516.0,4327.0,23884.0,29300.0,53184.0
HAKKARİ ÜNİVERSİTESİ,hakkari-universitesi,31.05.2008,DEVLET,HAKKARİ,DOĞU ANADOLU,www.hakkari.edu.tr / www.hu.edu.tr,rektorluk@hakkari.edu.tr,4382121212,4382121211,Merzan Mah. Küçük Sanayi Sitesi arkası Merkez/HAKKARİ,ÖMER PAKİŞ,10.0,15.0,118.0,113.0,96.0,830.0,648.0,1478.0,697.0,814.0,1511.0,178.0,63.0,241.0,0.0,0.0,0.0,1705.0,1525.0,3230.0
HALİÇ ÜNİVERSİTESİ,halic-universitesi,18.01.1998,VAKIF,İSTANBUL,MARMARA,www.halic.edu.tr,info@halic.edu.tr,2129242444,2129997852,"Sütlüce Mahallesi, İmrahor Caddesi, No:11, Beyoğlu, istanbul",ZAFER UTLU,74.0,31.0,160.0,117.0,78.0,1035.0,1124.0,2159.0,5120.0,5641.0,10761.0,452.0,765.0,1217.0,44.0,77.0,121.0,6651.0,7607.0,14258.0
HARRAN ÜNİVERSİTESİ,harran-universitesi,11.07.1992,DEVLET,ŞANLIURFA,GÜNEYDOĞU ANADOLU,http://www.harran.edu.tr/,ozelkalem@harran.edu.tr,4143183000,0 414 318 31 90,Harran Üniversitesi Rektörlüğü Osmanbey Kampüsü Şanlıurfa,MEHMET SABRİ ÇELİK,152.0,139.0,294.0,285.0,323.0,5057.0,4341.0,9398.0,6597.0,6700.0,13297.0,906.0,647.0,1553.0,279.0,165.0,444.0,12839.0,11853.0,24692.0
HASAN KALYONCU ÜNİVERSİTESİ,hasan-kalyoncu-universitesi,31.07.2008,VAKIF,GAZİANTEP,GÜNEYDOĞU ANADOLU,www.hku.edu.tr,info@hku.edu.tr,3422118080,3422118081,Yeşilkent Mah. Havalimanı Yolu üzeri 8.km Şahinbey/GAZİANTEP,TÜRKAY DERELİ,57.0,28.0,91.0,29.0,73.0,282.0,522.0,804.0,2182.0,3074.0,5256.0,441.0,449.0,890.0,146.0,153.0,299.0,3051.0,4198.0,7249.0
HATAY MUSTAFA KEMAL ÜNİVERSİTESİ,hatay-mustafa-kemal-universitesi,11.07.1992,DEVLET,HATAY,AKDENİZ,http://www.mku.edu.tr,rektorlukyaziisleri@mku.edu.tr,03262213317 - 1819,3262213320,Alahan Tayfur Sökmen Kampüsü Dış kapı no:35 Adres No:3330417886 ,HASAN KAYA,184.0,147.0,254.0,223.0,422.0,5123.0,4109.0,9232.0,6969.0,6971.0,13940.0,857.0,698.0,1555.0,139.0,124.0,263.0,13088.0,11902.0,24990.0
HİTİT ÜNİVERSİTESİ,hitit-universitesi,17.03.2006,DEVLET,ÇORUM,KARADENİZ,http://www.hitit.edu.tr/,rektorluk@hitit.edu.tr,3642191919,3642191938,Hitit Üniversitesi Kuzey Kampüsü Çevre Yolu Bulvarı PK:19030 ÇORUM,ALİ OSMAN ÖZTÜRK,77.0,103.0,217.0,257.0,254.0,3512.0,2917.0,6429.0,4253.0,4114.0,8367.0,703.0,637.0,1340.0,122.0,89.0,211.0,8590.0,7757.0,16347.0
İBN HALDUN ÜNİVERSİTESİ,ibn-haldun-universitesi,23.04.2015,VAKIF,İSTANBUL,MARMARA,www.ihu.edu.tr,info@ihu.edu.tr,02126920212 - 1005,2125516464,Başak Mah. Ordu Cad. F-05 Blok No:3 P.K. 34480 Başakşehir/İST.,ATİLLA ARKAN,38.0,8.0,49.0,35.0,20.0,0.0,0.0,0.0,400.0,461.0,861.0,376.0,336.0,712.0,107.0,83.0,190.0,883.0,880.0,1763.0
IĞDIR ÜNİVERSİTESİ,igdir-universitesi,22.05.2008,DEVLET,IĞDIR,DOĞU ANADOLU,http://www.igdir.edu.tr,info@igdir.edu.tr,04762230010-11-12-13,04762230017-21,Şehit Bülent Yurtseven Kampüsü/ IĞDIR,MEHMET HAKKI ALMA,35.0,49.0,165.0,139.0,79.0,2347.0,2373.0,4720.0,2410.0,2242.0,4652.0,946.0,506.0,1452.0,72.0,25.0,97.0,5775.0,5146.0,10921.0
İHSAN DOĞRAMACI BİLKENT ÜNİVERSİTESİ,ihsan-dogramaci-bilkent-universitesi,22.05.1985,VAKIF,ANKARA,İÇ ANADOLU,http://www.bilkent.edu.tr/,bilinfo@bilkent.edu.tr,3122664120,0312 266 41 27,BİLKENT ÜNİVERSİTESİ 06800 BİLKENT/ANKARA,ABDURRAHMAN KÜRŞAT AYDOĞAN,104.0,74.0,192.0,357.0,8.0,0.0,0.0,0.0,5594.0,5031.0,10625.0,383.0,404.0,787.0,212.0,197.0,409.0,6189.0,5632.0,11821.0
İNÖNÜ ÜNİVERSİTESİ,inonu-universitesi,3.04.1975,DEVLET,MALATYA,DOĞU ANADOLU,http://www.inonu.edu.tr/,ozelkalem@inonu.edu.tr,4223410029,0 422 341 00 32,İnönü Üniversitesi Kampüsü Elazığ Yolu 15. Km. 44280 MALATYA,AHMET KIZILAY,342.0,245.0,301.0,190.0,562.0,2536.0,2322.0,4858.0,11680.0,13211.0,24891.0,1678.0,1451.0,3129.0,761.0,544.0,1305.0,16655.0,17528.0,34183.0
IŞIK ÜNİVERSİTESİ,isik-universitesi,7.06.1996,VAKIF,İSTANBUL,MARMARA,http://www.isikun.edu.tr/,info@isikun.edu.tr,4440799-7014,2167121469,"Işık Üniversitesi, Meşrutiyet Köyü, Üniversitesi Sok. No:2 ŞİLE/İSTANBUL",HASAN BÜLENT KAHRAMAN,37.0,17.0,71.0,58.0,58.0,630.0,699.0,1329.0,2978.0,1887.0,4865.0,378.0,423.0,801.0,47.0,58.0,105.0,4033.0,3067.0,7100.0
İSKENDERUN TEKNİK ÜNİVERSİTESİ,iskenderun-teknik-universitesi,23.04.2015,DEVLET,HATAY,AKDENİZ,www.iste.edu.tr,ofis@iste.edu.tr,3266135600,3266135613,İskenderun Teknik Üniversitesi Rektörlüğü Merkez Kampüs 31200 \nİskenderun/HATAY,TOLGA DEPCİ,43.0,38.0,104.0,120.0,82.0,2970.0,1246.0,4216.0,4753.0,1930.0,6683.0,804.0,406.0,1210.0,85.0,39.0,124.0,8612.0,3621.0,12233.0
ISPARTA UYGULAMALI BİLİMLER ÜNİVERSİTESİ,isparta-uygulamali-bilimler-universitesi,18.05.2018,DEVLET,ISPARTA,AKDENİZ,https://isparta.edu.tr/,ozelkalem@isparta.edu.tr,2462146007,2462283006,"Isparta uygulamalı Bilimler Üniversitesi Rektörlüğü, Bahçelievler Mah., ",İBRAHİM DİLER,114.0,69.0,169.0,288.0,68.0,11227.0,7530.0,18757.0,3132.0,942.0,4074.0,557.0,249.0,806.0,169.0,105.0,274.0,15085.0,8826.0,23911.0
İSTANBUL 29 MAYIS ÜNİVERSİTESİ,istanbul-29-mayis-universitesi,24.04.2010,VAKIF,İSTANBUL,MARMARA,http://www.29mayis.edu.tr,29mayis@29mayis.edu.tr,2164740860,2164740875,Elmalıkent Mah. Elmalıkent Cad. No:4\nÜmraniye / İSTANBUL,MUSTAFA SİNANOĞLU,27.0,8.0,68.0,23.0,27.0,1055.0,1512.0,2567.0,2391.0,2923.0,5314.0,450.0,433.0,883.0,48.0,24.0,72.0,3944.0,4892.0,8836.0
İSTANBUL AREL ÜNİVERSİTESİ,istanbul-arel-universitesi,18.05.2007,VAKIF,İSTANBUL,MARMARA,http://www.arel.edu.tr,arel@arel.edu.tr,2128672500,2128600481,İstanbul Arel Üniversitesi -Türkoba Mah. Erguvan Sokak No: 26/K Tepekent-B.,AHMET ERCAN GEGEZ,79.0,39.0,124.0,156.0,88.0,3337.0,2654.0,5991.0,2461.0,2364.0,4825.0,901.0,941.0,1842.0,108.0,126.0,234.0,6807.0,6085.0,12892.0
İSTANBUL ATLAS ÜNİVERSİTESİ,istanbul-atlas-universitesi,18.05.2018,VAKIF,İSTANBUL,MARMARA,www.atlas.edu.tr,info@atlas.edu.tr,444 34 39,0212 761 87 61,Hamidiye Mahallesi Anadolu Caddesi No:40/2 Kağıthane/İSTANBUL,MUSTAFA KÜÇÜK,47.0,16.0,135.0,36.0,20.0,225.0,518.0,743.0,535.0,1053.0,1588.0,18.0,67.0,85.0,0.0,0.0,0.0,778.0,1638.0,2416.0
İSTANBUL AYDIN ÜNİVERSİTESİ,istanbul-aydin-universitesi,18.05.2007,VAKIF,İSTANBUL,MARMARA,http://www.aydin.edu.tr,info@aydin.edu.tr,4441428,2124255759,Florya Halit Aydın Kampüsü Beşyol Mah. İnönü Cad. No: 38 Sefaköy-,YADİGAR İZMİRLİ,196.0,81.0,390.0,295.0,152.0,9076.0,7871.0,16947.0,9039.0,8441.0,17480.0,1515.0,1956.0,3471.0,183.0,204.0,387.0,19813.0,18472.0,38285.0
İSTANBUL BİLGİ ÜNİVERSİTESİ,istanbul-bilgi-universitesi,7.06.1996,VAKIF,İSTANBUL,MARMARA,www.bilgi.edu.tr,info@bilgi.edu.tr,2123115000,2122162414,Eski Silahtarağa Elektrik Santralı Kazım Karabekir Cad. No: 2/13 34060 Eyüpsultan ,MEHMET NUR ALPASLAN PARLAKÇI,75.0,39.0,187.0,186.0,105.0,1959.0,2173.0,4132.0,7808.0,7006.0,14814.0,495.0,1108.0,1603.0,48.0,73.0,121.0,10310.0,10360.0,20670.0
İSTANBUL ESENYURT ÜNİVERSİTESİ,istanbul-esenyurt-universitesi,18.06.2013,VAKIF,İSTANBUL,MARMARA,http://www.esenyurt.edu.tr,bilgi@esenyurt.edu.tr,Santral4449123 - RektörlükD.9021245000,0212 699 09 90,İnönü Mah. Doğan Araslı Bulvarı No:79 Esenyurt-İSTANBUL,HAYRETTİN AKKAYA,25.0,6.0,113.0,60.0,53.0,1418.0,1065.0,2483.0,1640.0,1343.0,2983.0,202.0,210.0,412.0,0.0,0.0,0.0,3260.0,2618.0,5878.0
İSTANBUL GALATA ÜNİVERSİTESİ,istanbul-galata-universitesi,12.06.2019,VAKIF,İSTANBUL,MARMARA,www.galata.edu.tr,sezen.sahin@galata.edu.tr,02129125050-02129124141,2129125051,Evliya Çelebi Mahallesi Meşrutiyet Caddesi No: 62 Tepebaşı/Beyoğlu/İsta,ÖZGÜR ÇENGEL,15.0,12.0,58.0,12.0,15.0,183.0,386.0,569.0,447.0,601.0,1048.0,0.0,0.0,0.0,0.0,0.0,0.0,630.0,987.0,1617.0
İSTANBUL GEDİK ÜNİVERSİTESİ,istanbul-gedik-universitesi,3.03.2011,VAKIF,İSTANBUL,MARMARA,www.gedik.edu.tr,rektorluk@gedik.edu.tr,2164524585,2164528717,Cumhuriyet Mahallesi İlkbahar Sokak No: 1 Yakacık 34876 Kartal İstanbul,NİHAT AKKUŞ,32.0,11.0,85.0,90.0,56.0,1345.0,798.0,2143.0,1480.0,1344.0,2824.0,649.0,515.0,1164.0,92.0,31.0,123.0,3566.0,2688.0,6254.0
İSTANBUL GELİŞİM ÜNİVERSİTESİ,istanbul-gelisim-universitesi,3.03.2011,VAKIF,İSTANBUL,MARMARA,www.gelisim.edu.tr,bilgi@gelisim.edu.tr,2124227000,2124227401,Cihangir Mahallesi Şehit Jandarma Komando Er Hakan Öner Sk. No:1 Avcılar / ,BAHRİ ŞAHİN,85.0,48.0,374.0,258.0,150.0,7683.0,6229.0,13912.0,9588.0,8111.0,17699.0,1286.0,1313.0,2599.0,103.0,47.0,150.0,18660.0,15700.0,34360.0
İSTANBUL KENT ÜNİVERSİTESİ,istanbul-kent-universitesi,7.09.2016,VAKIF,İSTANBUL,MARMARA,www.kent.edu.tr,insankaynaklari@kent.edu.tr,2126101010,2122445368,Cihangir Mahallesi Sıraselviler Caddesi No:71 34433 Beyoğlu İSTANBUL,MEHMET NECMETTİN ATSÜ,49.0,18.0,79.0,50.0,36.0,98.0,44.0,142.0,0.0,0.0,0.0,0.0,0.0,0.0,0.0,0.0,0.0,98.0,44.0,142.0
İSTANBUL KÜLTÜR ÜNİVERSİTESİ,istanbul-kultur-universitesi,15.07.1997,VAKIF,İSTANBUL,MARMARA,www.iku.edu.tr,kultur@iku.edu.tr,2124984141,0212 498 43 06,"Ataköy Yerleşkesi, 34156 Bakırköy / İSTANBUL",HANİFE ÖZTÜRK AKKARTAL,53.0,33.0,135.0,90.0,102.0,363.0,930.0,1293.0,937.0,2005.0,2942.0,151.0,285.0,436.0,5.0,4.0,9.0,1456.0,3224.0,4680.0
İSTANBUL MEDENİYET ÜNİVERSİTESİ,istanbul-medeniyet-universitesi,21.07.2010,DEVLET,İSTANBUL,MARMARA,http://www.medeniyet.edu.tr,ozelkalem@medeniyet.edu.tr,2162803333,0 216 2802021,"Dumlupınar mahallesi, D-100 Karayolu No:98  Kadıköy / İstanbul",GÜLFETTİN ÇELİK,166.0,117.0,248.0,109.0,313.0,2342.0,1467.0,3809.0,5026.0,4777.0,9803.0,578.0,600.0,1178.0,91.0,76.0,167.0,8037.0,6920.0,14957.0
İSTANBUL MEDİPOL ÜNİVERSİTESİ,istanbul-medipol-universitesi,7.07.2009,VAKIF,İSTANBUL,MARMARA,www.medipol.edu.tr,bilgi@medipol.edu.tr,4448544,212531755,"Kavacık Mah.Ekinciler Cad.No:19, 34840 Beykoz-İstanbul",ÖMER CERAN,214.0,133.0,473.0,186.0,400.0,0.0,0.0,0.0,5075.0,6511.0,11586.0,718.0,769.0,1487.0,289.0,271.0,560.0,6082.0,7551.0,13633.0
İSTANBUL OKAN ÜNİVERSİTESİ,istanbul-okan-universitesi,18.12.1999,VAKIF,İSTANBUL,MARMARA,www.okan.edu.tr,okan@okan.edu.tr,4446526,2166771647,"Okan Üniversitesi Tuzla Kampüsü, 34959 Akfırat - Tuzla / İSTANBUL",MUSTAFA KOÇAK,131.0,42.0,267.0,127.0,51.0,4504.0,7707.0,12211.0,8550.0,16174.0,24724.0,360.0,810.0,1170.0,318.0,442.0,760.0,13732.0,25133.0,38865.0
İSTANBUL RUMELİ ÜNİVERSİTESİ,istanbul-rumeli-universitesi,23.04.2015,VAKIF,İSTANBUL,MARMARA,www.rumeli.edu.tr,bilgi@rumeli.edu.tr,2128660101,2128660125,Yeni Mahalle Mah. Mehmet Silivrili Cad. No: 38/8 Posta Kodu 34570\n,HAZİM TAMER DODURKA,40.0,13.0,106.0,75.0,38.0,1913.0,1760.0,3673.0,5234.0,4331.0,9565.0,941.0,1392.0,2333.0,236.0,239.0,475.0,8324.0,7722.0,16046.0
İSTANBUL SABAHATTİN ZAİM ÜNİVERSİTESİ,istanbul-sabahattin-zaim-universitesi,24.04.2010,VAKIF,İSTANBUL,MARMARA,http://www.izu.edu.tr/,bilgi@izu.edu.tr,4449798,2126938229,Halkalı Cad. No: 281 Halkalı - Küçükçekmece / İSTANBUL Posta Kodu: ,AHMET CEVAT ACAR,49.0,37.0,139.0,33.0,88.0,1003.0,1362.0,2365.0,1281.0,1049.0,2330.0,468.0,312.0,780.0,1.0,3.0,4.0,2753.0,2726.0,5479.0
İSTANBUL SAĞLIK VE SOSYAL BİLİMLER MESLEK YÜKSEKOKULU,istanbul-saglik-ve-sosyal-bilimler-meslek-yuksekokulu,6.03.2010,VAKIF MYO,İSTANBUL,MARMARA,www.issb.edu.tr,info@ssb.edu.tr,0 850 811 18 18,0 224 223 27 31,Cankurtaran Mahallesi Kennedy Caddesi No:2 Ahırkapı Feneri Yanı Fatih İSTANBUL,- -,0.0,0.0,0.0,40.0,0.0,0.0,0.0,0.0,2939.0,4847.0,7786.0,1149.0,1239.0,2388.0,459.0,176.0,635.0,4547.0,6262.0,10809.0
İSTANBUL SAĞLIK VE TEKNOLOJİ ÜNİVERSİTESİ,istanbul-saglik-ve-teknoloji-universitesi,18.05.2018,VAKIF,İSTANBUL,MARMARA,www.istun.edu.tr,info@istun.edu.tr,4443788,4443788,Topkapı Kampüsü\nSeyitnizam Mahallesi Mevlana Caddesi No: 85 Zeytinburnu – ,SEYHAN ALKAN,56.0,13.0,119.0,11.0,45.0,272.0,592.0,864.0,0.0,0.0,0.0,0.0,0.0,0.0,0.0,0.0,0.0,272.0,592.0,864.0
İSTANBUL ŞİŞLİ MESLEK YÜKSEKOKULU,istanbul-sisli-meslek-yuksekokulu,18.05.2012,VAKIF MYO,İSTANBUL,MARMARA,www.sisli.edu.tr,info@sisli.edu.tr,4447868,2122509503,Maslak Mah. Atatürk Oto Sanayi Sitesi 55. Sok. No:2 Sarıyer/ İSTANBUL,- -,4.0,0.0,14.0,67.0,0.0,124.0,270.0,394.0,376.0,725.0,1101.0,1.0,7.0,8.0,2.0,13.0,15.0,503.0,1015.0,1518.0
İSTANBUL TEKNİK ÜNİVERSİTESİ,istanbul-teknik-universitesi,1.01.1944,DEVLET,İSTANBUL,MARMARA,http://www.itu.edu.tr,ozelkalem@itu.edu.tr,2122852900,2122856610,İTÜ Ayazağa Yerleşkesi yeni Rektörlük Binası Kat:2 MASLAK-SARIYER-İSTANBUL,İSMAİL KOYUNCU,557.0,262.0,315.0,462.0,739.0,1984.0,3146.0,5130.0,0.0,0.0,0.0,0.0,0.0,0.0,0.0,0.0,0.0,1984.0,3146.0,5130.0
İSTANBUL TİCARET ÜNİVERSİTESİ,istanbul-ticaret-universitesi,14.04.2001,VAKIF,İSTANBUL,MARMARA,http://www.ticaret.edu.tr,rektorluk@ticaret.edu.tr,2123144141,212 320 70 11,"Örnektepe Mahallesi, İmrahor Caddesi No: 88/2 34445 Beyoğlu / İSTANBUL",YÜCEL OĞURLU,91.0,42.0,65.0,49.0,63.0,0.0,0.0,0.0,16790.0,8721.0,25511.0,4791.0,3110.0,7901.0,2077.0,1669.0,3746.0,23658.0,13500.0,37158.0
İSTANBUL TOPKAPI ÜNİVERSİTESİ,istanbul-topkapi-universitesi,24.11.2016,VAKIF,İSTANBUL,MARMARA,www.topkapi.edu.tr,info@topkapi.edu.tr,4447696,2126214503,Prof.Muammer Aksoy Cd. No: 10 Kazlıçeşme / İSTANBUL,EMRE ALKİN,20.0,14.0,116.0,102.0,47.0,1.0,0.0,1.0,3365.0,2825.0,6190.0,1180.0,1030.0,2210.0,337.0,220.0,557.0,4883.0,4075.0,8958.0
İSTANBUL ÜNİVERSİTESİ,istanbul-universitesi,18.11.1933,DEVLET,İSTANBUL,MARMARA,http://www.istanbul.edu.tr,iubilgi@istanbul.edu.tr,2124400000,0 212 440 00 10,İSTANBUL ÜNİVERSİTESİ REKTÖRLÜK\nİSTANBUL UNIVERSITY ,MAHMUT AK,939.0,437.0,611.0,478.0,1105.0,3353.0,3370.0,6723.0,1351.0,1234.0,2585.0,470.0,330.0,800.0,6.0,2.0,8.0,5180.0,4936.0,10116.0
İSTANBUL ÜNİVERSİTESİ-CERRAHPAŞA,istanbul-universitesi-cerrahpasa,18.05.2018,DEVLET,İSTANBUL,MARMARA,https://istanbulc.edu.tr,bilgi@iuc.edu.tr,2124040700,2124040701,İstanbul Üniversitesi-Cerrahpaşa Rektörlüğü 34320 Avcılar/İstanbul,- -,571.0,254.0,328.0,195.0,803.0,48920.0,92926.0,141846.0,116218.0,253057.0,369275.0,4909.0,5028.0,9937.0,2931.0,3099.0,6030.0,172978.0,354110.0,527088.0
İSTANBUL YENİ YÜZYIL ÜNİVERSİTESİ,istanbul-yeni-yuzyil-universitesi,28.02.2009,VAKIF,İSTANBUL,MARMARA,www.yeniyuzyil.edu.tr,rektorluk@yeniyuzyil.edu.tr,2124493595,2124814058,T.C. İstanbul Yeni Yüzyıl Üniversitesi\nTopkapı Dr. Azmi  Ofluoğlu Yerleşkesi\n,İLHAN YAŞAR HACISALİHOĞLU,99.0,42.0,179.0,64.0,76.0,6065.0,3650.0,9715.0,8542.0,8854.0,17396.0,899.0,1216.0,2115.0,901.0,1228.0,2129.0,16407.0,14948.0,31355.0
İSTİNYE ÜNİVERSİTESİ,istinye-universitesi,23.04.2015,VAKIF,İSTANBUL,MARMARA,www.istinye.edu.tr,info@istinye.edu.tr,8502836000,212 481 36 88,"İstinye Üniversitesi Topkapı Kampüsü, Maltepe Mah., Edirne Çırpıcı Yolu, No.9 ",ERKAN İBİŞ,128.0,52.0,221.0,102.0,82.0,0.0,0.0,0.0,794.0,1420.0,2214.0,152.0,225.0,377.0,53.0,55.0,108.0,999.0,1700.0,2699.0
İZMİR BAKIRÇAY ÜNİVERSİTESİ,izmir-bakircay-universitesi,7.09.2016,DEVLET,İZMİR,EGE,bakircay.edu.tr,info@bakircay.edu.tr,2324930000,2324930000,Seyrek Kampüsü/ Gazi Mustafa Kemal Mah.Kaynaklar Cad./ Seyrek/Menemen/İZMİ,MUSTAFA BERKTAŞ,37.0,49.0,118.0,49.0,71.0,1317.0,2013.0,3330.0,3219.0,5158.0,8377.0,159.0,305.0,464.0,24.0,43.0,67.0,4719.0,7519.0,12238.0
İZMİR DEMOKRASİ ÜNİVERSİTESİ,izmir-demokrasi-universitesi,7.09.2016,DEVLET,İZMİR,EGE,http://www.idu.edu.tr,iletisim@idu.edu.tr,2322601001,2322601004,"Üçkuyular Mahallesi, Gürsel Aksel Bulvarı, No:14 35140 Karabağlar/İZMİR",BEDRİYE TUNÇSİPER,41.0,56.0,139.0,32.0,56.0,158.0,190.0,348.0,1984.0,2493.0,4477.0,234.0,255.0,489.0,17.0,17.0,34.0,2393.0,2955.0,5348.0
İZMİR EKONOMİ ÜNİVERSİTESİ,izmir-ekonomi-universitesi,14.04.2001,VAKIF,İZMİR,EGE,www.ieu.edu.tr,ik@ieu.edu.tr,2322792525,2322792626,SAKARYA CAD. NO:156 BALÇOVA/İZMİR,MURAT AŞKAR,99.0,57.0,134.0,176.0,89.0,150.0,210.0,360.0,3840.0,4510.0,8350.0,291.0,373.0,664.0,14.0,37.0,51.0,4295.0,5130.0,9425.0
İZMİR KATİP ÇELEBİ ÜNİVERSİTESİ,izmir-katip-celebi-universitesi,21.07.2010,DEVLET,İZMİR,EGE,http://www.ikc.edu.tr/,rektorluk@ikc.edu.tr,2323293535,2323860888,İzmir Kâtip Çelebi Üniversitesi Çiğli Ana Yerleşkesi\n35620 İZMİR,SAFFET KÖSE,192.0,181.0,268.0,131.0,363.0,939.0,1027.0,1966.0,3554.0,3856.0,7410.0,201.0,373.0,574.0,34.0,54.0,88.0,4728.0,5310.0,10038.0
İZMİR KAVRAM MESLEK YÜKSEKOKULU,izmir-kavram-meslek-yuksekokulu,12.07.2008,VAKIF MYO,İZMİR,EGE,www.kavram.edu.tr,mudur@kavram.edu.tr,4449134,2323200113,Oğuzlar Mah. 1251/2 Sok. No:8 Konak/İzmir,- -,1.0,0.0,14.0,90.0,0.0,284.0,521.0,805.0,6383.0,6575.0,12958.0,1233.0,947.0,2180.0,237.0,213.0,450.0,8137.0,8256.0,16393.0
İZMİR TINAZTEPE ÜNİVERSİTESİ,izmir-tinaztepe-universitesi,18.05.2018,VAKIF,İZMİR,EGE,www.tinaztepe.edu.tr,rektorluk@tinaztepe.edu.tr,8508224988,0 232 440 44 22,"Aydoğdu Mahallesi, 1267/1 Sk., No.4 35400 Buca/İzmir",MUSTAFA GÜVENÇER,40.0,9.0,65.0,10.0,6.0,944.0,1141.0,2085.0,0.0,0.0,0.0,0.0,0.0,0.0,0.0,0.0,0.0,944.0,1141.0,2085.0
İZMİR YÜKSEK TEKNOLOJİ ENSTİTÜSÜ,izmir-yuksek-teknoloji-enstitusu,11.07.1992,DEVLET,İZMİR,EGE,http://www.iyte.edu.tr/,rektorluk@iyte.edu.tr,2327506001,0232 750 6015,İzmir Yüksek Teknoloji Enstitüsü Gülbahçe Kampüsü Urla/İZMİR,YUSUF BARAN,104.0,57.0,72.0,139.0,276.0,175.0,511.0,686.0,136.0,486.0,622.0,2.0,25.0,27.0,0.0,0.0,0.0,313.0,1022.0,1335.0
KADİR HAS ÜNİVERSİTESİ,kadir-has-universitesi,30.05.1997,VAKIF,İSTANBUL,MARMARA,http://www.khas.edu.tr,rektorluk@khas.edu.tr,2125336532,0212 631 91 50,"Kadir Has Üniversitesi, Kadir Has Caddesi,\nCibali / İSTANBUL 34083",MERYEM SONDAN DURUKANOĞLU FEYİZ,53.0,29.0,83.0,88.0,36.0,0.0,0.0,0.0,2720.0,2438.0,5158.0,523.0,477.0,1000.0,214.0,246.0,460.0,3457.0,3161.0,6618.0
KAFKAS ÜNİVERSİTESİ,kafkas-universitesi,11.07.1992,DEVLET,KARS,DOĞU ANADOLU,http://www.kafkas.edu.tr,rektor@kafkas.edu.tr,4742251158,4742251160,Kafkas Üniversitesi Şehitler Mh. Turan Çelik Cd. Kombina Yolu Üzeri Merkez/KARS,HÜSNÜ KAPU,100.0,128.0,239.0,209.0,259.0,12.0,13.0,25.0,2182.0,2667.0,4849.0,236.0,310.0,546.0,139.0,116.0,255.0,2569.0,3106.0,5675.0
KAHRAMANMARAŞ İSTİKLAL ÜNİVERSİTESİ,kahramanmaras-istiklal-universitesi,18.05.2018,DEVLET,KAHRAMANMARAŞ,AKDENİZ,www.istiklal.edu.tr,genelsekreterlik@istiklal.edu.tr,(0344) 400 -1000, (0344) 400-1025,"Kahramanmaraş İstiklal Üniversitesi Rektörlüğü, Menderes Mah. Cumhuriyet ",SAMİ ÖZGÜL,0.0,3.0,34.0,59.0,11.0,2580.0,2971.0,5551.0,5749.0,5780.0,11529.0,523.0,590.0,1113.0,100.0,96.0,196.0,8952.0,9437.0,18389.0
KAHRAMANMARAŞ SÜTÇÜ İMAM ÜNİVERSİTESİ,kahramanmaras-sutcu-imam-universitesi,11.07.1992,DEVLET,KAHRAMANMARAŞ,AKDENİZ,www.ksu.edu.tr,genelsekreterlik@ksu.edu.tr,3443001000,0344 300 1037,"Kahramanmaraş Sütçü İmam Üniversitesi Rektörlüğü,  Avşar Mah. Batı Çevreyolu ",NİYAZİ CAN,192.0,135.0,333.0,312.0,449.0,812.0,387.0,1199.0,77.0,151.0,228.0,16.0,3.0,19.0,0.0,0.0,0.0,905.0,541.0,1446.0
KAPADOKYA ÜNİVERSİTESİ,kapadokya-universitesi,16.09.2005,VAKIF,NEVŞEHİR,İÇ ANADOLU,www.kapadokya.edu.tr,info@kapadokya.edu.tr,3843535009,3843535125,Üniversite Meydanı No:2 Mustafapaşa Ürgüp/Nevşehir,- -,16.0,4.0,65.0,107.0,27.0,6822.0,5631.0,12453.0,8002.0,8753.0,16755.0,1825.0,1171.0,2996.0,290.0,207.0,497.0,16939.0,15762.0,32701.0
KARABÜK ÜNİVERSİTESİ,karabuk-universitesi,29.05.2007,DEVLET,KARABÜK,KARADENİZ,http://www.karabuk.edu.tr/,iletisim@karabuk.edu.tr,3704338200,0 370 433 20 05,Karabük Üniversitesi Demir Çelik Kampüsü Balıklar Kaya Mevkii,REFİK POLAT,125.0,159.0,386.0,242.0,225.0,2407.0,2462.0,4869.0,664.0,1172.0,1836.0,421.0,406.0,827.0,7.0,2.0,9.0,3499.0,4042.0,7541.0
KARADENİZ TEKNİK ÜNİVERSİTESİ,karadeniz-teknik-universitesi,20.05.1955,DEVLET,TRABZON,KARADENİZ,http://www.ktu.edu.tr,information@ktu.edu.tr,4623772101,4623253205,Karadeniz Teknik Üniversitesi\n61080 - Trabzon,HAMDULLAH ÇUVALCI,465.0,163.0,363.0,284.0,944.0,6660.0,5413.0,12073.0,17490.0,10689.0,28179.0,2396.0,1612.0,4008.0,826.0,253.0,1079.0,27372.0,17967.0,45339.0
KARAMANOĞLU MEHMETBEY ÜNİVERSİTESİ,karamanoglu-mehmetbey-universitesi,29.05.2007,DEVLET,KARAMAN,İÇ ANADOLU,http://www.kmu.edu.tr,iletisim@kmu.edu.tr,3382262000,382262023,"Karamanoğlu Mehmetbey Üniversitesi, Yunus Emre Yerleşkesi, ",NAMIK AK,62.0,106.0,234.0,195.0,218.0,2344.0,1531.0,3875.0,11859.0,9557.0,21416.0,1047.0,1178.0,2225.0,659.0,609.0,1268.0,15909.0,12875.0,28784.0
KASTAMONU ÜNİVERSİTESİ,kastamonu-universitesi,17.03.2006,DEVLET,KASTAMONU,KARADENİZ,http://www.kastamonu.edu.tr/index.php/tr/,ozelkalem@kastamonu.edu.tr,0 366 280 13 27,0 366 280 10 38,Kastamonu Üniversitesi Rektörlüğü Kuzeykent Kampüsü Merkez/KASTAMONU,AHMET HAMDİ TOPAL,80.0,104.0,282.0,296.0,165.0,3192.0,3919.0,7111.0,4000.0,4764.0,8764.0,1220.0,957.0,2177.0,79.0,60.0,139.0,8491.0,9700.0,18191.0
KAYSERİ ÜNİVERSİTESİ,kayseri-universitesi,18.05.2018,DEVLET,KAYSERİ,İÇ ANADOLU,http://www.kayseri.edu.tr,basinyayin@kayseri.edu.tr,0352 504 38 38,352 504 38 37,Mevlana Mah. 15 Temmuz Yerleşkesi Kümeevler Talas/KAYSERİ,KURTULUŞ KARAMUSTAFA,15.0,30.0,63.0,128.0,16.0,4561.0,3820.0,8381.0,7437.0,7706.0,15143.0,1113.0,983.0,2096.0,221.0,135.0,356.0,13332.0,12644.0,25976.0
KİLİS 7 ARALIK ÜNİVERSİTESİ,kilis-7-aralik-universitesi,29.05.2007,DEVLET,KİLİS,GÜNEYDOĞU ANADOLU,www.kilis.edu.tr,ozelkalem@kilis.edu.tr,03488142666/1001-1002,3488142660,Mehmet Sanlı Mah. Doğan Güreş Paşa Bulvarı No.134 Merlez/KİLİS,MUSTAFA DOĞAN KARACOŞKUN,25.0,39.0,137.0,114.0,130.0,3485.0,2851.0,6336.0,5217.0,5976.0,11193.0,550.0,490.0,1040.0,79.0,60.0,139.0,9331.0,9377.0,18708.0
KIRIKKALE ÜNİVERSİTESİ,kirikkale-universitesi,11.07.1992,DEVLET,KIRIKKALE,İÇ ANADOLU,http://kku.edu.tr,ozelkalem@kku.edu.tr,3183573416,3183573016,Kırıkkale Üniversitesi Ankara Yolu 7. Km 71450 Yahşihan/Kırıkkale,ERSAN ASLAN,214.0,139.0,276.0,171.0,407.0,6391.0,3211.0,9602.0,892.0,907.0,1799.0,262.0,167.0,429.0,27.0,25.0,52.0,7572.0,4310.0,11882.0
KIRKLARELİ ÜNİVERSİTESİ,kirklareli-universitesi,29.05.2007,DEVLET,KIRKLARELİ,MARMARA,http://www.klu.edu.tr/,ozelkalem@klu.edu.tr,02882129688-89,2882129682,Cumhuriyet Mahallesi Kofcaz Yolu\nKayalı Yerleşkesi Merkez-Kırklareli,BÜLENT ŞENGÖRÜR,33.0,84.0,229.0,257.0,246.0,5092.0,3091.0,8183.0,10441.0,10965.0,21406.0,1065.0,1119.0,2184.0,272.0,180.0,452.0,16870.0,15355.0,32225.0
KIRŞEHİR AHİ EVRAN ÜNİVERSİTESİ,kirsehir-ahi-evran-universitesi,17.03.2006,DEVLET,KIRŞEHİR,İÇ ANADOLU,www.ahievran.edu.tr,ozelkalem@ahievran.edu.tr,+90 (386) 280 4045,+90 (386) 280 4052,Bağbaşı Mah. Sahir Kurutluoğlu Cad. No: 100 Merkez/KIRŞEHİR,VATAN KARAKAYA,94.0,112.0,312.0,246.0,197.0,5301.0,3929.0,9230.0,5453.0,5987.0,11440.0,780.0,566.0,1346.0,26.0,25.0,51.0,11560.0,10507.0,22067.0
KOÇ ÜNİVERSİTESİ,koc-universitesi,7.03.1992,VAKIF,İSTANBUL,MARMARA,http://www.ku.edu.tr,rektor@ku.edu.tr,2123381000,2123381248,"Koç Üniversitesi, Rumelifeneri Yolu, 34450, SARIYER, ISTANBUL",ZEYNEP CANLI,236.0,85.0,144.0,198.0,69.0,12380.0,7300.0,19680.0,20464.0,16047.0,36511.0,2974.0,2272.0,5246.0,734.0,570.0,1304.0,36552.0,26189.0,62741.0
KOCAELİ SAĞLIK VE TEKNOLOJİ ÜNİVERSİTESİ,kocaeli-saglik-ve-teknoloji-universitesi,17.04.2020,VAKIF,KOCAELİ,MARMARA,www.kocaelisaglik.edu.tr,info@kocaelisaglik.edu.tr,0262 999 80 85,0 262 999 66 90,Yeniköy Merkez Mh. Ilıca Cd. No:29 Başiskele/KOCAELİ,MUZAFFER ELMAS,18.0,5.0,63.0,27.0,9.0,1482.0,1599.0,3081.0,2444.0,3596.0,6040.0,242.0,189.0,431.0,12.0,8.0,20.0,4180.0,5392.0,9572.0
KOCAELİ ÜNİVERSİTESİ,kocaeli-universitesi,11.07.1992,DEVLET,KOCAELİ,MARMARA,http://www.kocaeli.edu.tr/,rekiletisim@kocaeli.edu.tr,2623031001,0262 303 10 33,Umuttepe Merkez Yerleşkesi 41380 İzmit/KOCAELİ,SADETTİN HÜLAGÜ,350.0,223.0,458.0,464.0,727.0,893.0,2059.0,2952.0,159.0,287.0,446.0,53.0,45.0,98.0,0.0,0.0,0.0,1105.0,2391.0,3496.0
KONYA GIDA VE TARIM ÜNİVERSİTESİ,konya-gida-ve-tarim-universitesi,18.06.2013,VAKIF,KONYA,İÇ ANADOLU,http://www.gidatarim.edu.tr/,info@gidatarim.edu.tr,3322235488,3322235490,Melikşah Mah. Beyşehir Cad. No:9 42080 Meram / KONYA,BEHİÇ COŞKUN,15.0,12.0,38.0,18.0,21.0,0.0,0.0,0.0,4211.0,3853.0,8064.0,521.0,492.0,1013.0,378.0,458.0,836.0,5110.0,4803.0,9913.0
KONYA TEKNİK ÜNİVERSİTESİ,konya-teknik-universitesi,18.05.2018,DEVLET,KONYA,İÇ ANADOLU,http://www.ktun.edu.tr/,ozelkalem@ktun.edu.tr,3323508585,3323540012,Akademi Mah. Yeni İstanbul Cad. No:235/1 Selçuklu/KONYA,BABÜR ÖZÇELİK,91.0,55.0,119.0,74.0,137.0,0.0,0.0,0.0,451.0,549.0,1000.0,59.0,51.0,110.0,6.0,5.0,11.0,516.0,605.0,1121.0
KTO KARATAY ÜNİVERSİTESİ,kto-karatay-universitesi,7.07.2009,VAKIF,KONYA,İÇ ANADOLU,http://www.karatay.edu.tr,bilgi@karatay.edu.tr,4441251,0332 2020044,KTO Karatay Üniversitesi Rektörlüğü Akabe Mah. Alaaddin Kap Cad. No: 130 ,FEVZİ RİFAT ORTAÇ,60.0,18.0,121.0,73.0,95.0,3177.0,1003.0,4180.0,4571.0,1513.0,6084.0,1184.0,464.0,1648.0,282.0,120.0,402.0,9214.0,3100.0,12314.0
KÜTAHYA DUMLUPINAR ÜNİVERSİTESİ,kutahya-dumlupinar-universitesi,11.07.1992,DEVLET,KÜTAHYA,EGE,http://dpu.edu.tr,ozelkalem@dpu.edu.tr,2744434343,2742652004,Kütahya Dumlupınar Üniversitesi Evliya Çelebi Yerleşkesi Tavşanlı Yolu 10. km.     ,KÂZIM UYSAL,135.0,112.0,250.0,314.0,192.0,575.0,901.0,1476.0,2604.0,3596.0,6200.0,319.0,428.0,747.0,42.0,24.0,66.0,3540.0,4949.0,8489.0
KÜTAHYA SAĞLIK BİLİMLERİ ÜNİVERSİTESİ,kutahya-saglik-bilimleri-universitesi,18.05.2018,DEVLET,KÜTAHYA,EGE,http://www.ksbu.edu.tr/,bilgi@ksbu.edu.tr,2742652286,2742652285,Dumlupınar Üniversitesi Evliya Çelebi Yerleşkesi Tavşanlı Yolu 10. km ,- -,26.0,36.0,153.0,71.0,221.0,8509.0,5605.0,14114.0,14251.0,10042.0,24293.0,3778.0,2060.0,5838.0,352.0,152.0,504.0,26890.0,17859.0,44749.0
LOKMAN HEKİM ÜNİVERSİTESİ,lokman-hekim-universitesi,20.12.2017,VAKIF,ANKARA,İÇ ANADOLU,www.lokmanhekim.edu.tr,info@lokmanhekim.edu.tr,3122800808,312 280 0808,Söğütözü Mah. 2179. Cad. No:6 Çankaya Ankara,BÜLENT GÜMÜŞEL,73.0,35.0,91.0,33.0,43.0,347.0,1042.0,1389.0,841.0,2078.0,2919.0,32.0,81.0,113.0,8.0,11.0,19.0,1228.0,3212.0,4440.0
MALATYA TURGUT ÖZAL ÜNİVERSİTESİ,malatya-turgut-ozal-universitesi,18.05.2018,DEVLET,MALATYA,DOĞU ANADOLU,www.ozal.edu.tr,genelsekreterlik@ozal.edu.tr,5326100255,4228461225,Alacakapı Mahallesi Kırkgöz Caddesi No:70 P.K. 44210 Battalgazi / MALATYA,AYSUN BAY KARABULUT,28.0,45.0,155.0,120.0,25.0,275.0,734.0,1009.0,565.0,1390.0,1955.0,36.0,100.0,136.0,21.0,26.0,47.0,897.0,2250.0,3147.0
MALTEPE ÜNİVERSİTESİ,maltepe-universitesi,15.07.1997,VAKIF,İSTANBUL,MARMARA,http://www.maltepe.edu.tr/,maltepe@maltepe.edu.tr,2166261072,2166261070,Maltepe Üniversitesi Marmara Eğitim Köyü PK:34857 MALTEPE İSTANBUL,EDİBE SÖZEN,123.0,52.0,230.0,94.0,152.0,1947.0,1394.0,3341.0,764.0,571.0,1335.0,88.0,68.0,156.0,11.0,6.0,17.0,2810.0,2039.0,4849.0
MANİSA CELÂL BAYAR ÜNİVERSİTESİ,manisa-celal-bayar-universitesi,11.07.1992,DEVLET,MANİSA,EGE,www.cbu.edu.tr,ozelkalem@cbu.edu.tr,2362011014,2362372442,Şehit Prof. Dr. İlhan Varank Kampüsü 45140 - Yunusemre - MANİSA,AHMET ATAÇ,286.0,178.0,347.0,355.0,685.0,795.0,862.0,1657.0,3753.0,4621.0,8374.0,508.0,725.0,1233.0,169.0,150.0,319.0,5225.0,6358.0,11583.0
MARDİN ARTUKLU ÜNİVERSİTESİ,mardin-artuklu-universitesi,29.05.2007,DEVLET,MARDİN,GÜNEYDOĞU ANADOLU,http://www.artuklu.edu.tr/,pdb@artuklu.edu.tr,4822134002,0 482 213 40 04,"Mardin Artuklu Üniversitesi Yenişehir Yerleşkesi, Diyarbakır Yolu\n",İBRAHİM ÖZCOŞAR,29.0,72.0,166.0,165.0,153.0,8433.0,6349.0,14782.0,14091.0,11737.0,25828.0,1496.0,1288.0,2784.0,274.0,242.0,516.0,24294.0,19616.0,43910.0
MARMARA ÜNİVERSİTESİ,marmara-universitesi,20.07.1982,DEVLET,İSTANBUL,MARMARA,http://www.marmara.edu.tr,genelsekreterlik@marmara.edu.tr, 0216 777 1020, 0216 777 1020,M.Ü.Göztepe Kampüsü Rektörlük Binası 34722 Kadıköy / İSTANBUL,MUSTAFA KURT,830.0,408.0,632.0,339.0,890.0,2835.0,2559.0,5394.0,3444.0,4063.0,7507.0,779.0,538.0,1317.0,63.0,25.0,88.0,7121.0,7185.0,14306.0
MEF ÜNİVERSİTESİ,mef-universitesi,27.04.2012,VAKIF,İSTANBUL,MARMARA,http://www.mef.edu.tr,mef@mef.edu.tr,2123953600,0 212 395 36 92,Ayazağa Cad. No.4 34396\nMaslak - Sarıyer - İstanbul,MUHAMMED ŞAHİN,30.0,15.0,54.0,30.0,34.0,4437.0,3670.0,8107.0,22331.0,24676.0,47007.0,4366.0,4773.0,9139.0,2178.0,2099.0,4277.0,33312.0,35218.0,68530.0
MERSİN ÜNİVERSİTESİ,mersin-universitesi,11.07.1992,DEVLET,MERSİN,AKDENİZ,http://www.mersin.edu.tr/idari/genel-sekreterlik,gsekreterlik@mersin.edu.tr,3243610001,0324 361 00 15,Mersin Üniversitesi Çiftlikköy Kampusu Rektörlük Binası 33343 Yenişehir/MERSİN,AHMET ÇAMSARI,358.0,193.0,290.0,463.0,532.0,0.0,0.0,0.0,1630.0,2154.0,3784.0,132.0,132.0,264.0,3.0,0.0,3.0,1765.0,2286.0,4051.0
MİMAR SİNAN GÜZEL SANATLAR ÜNİVERSİTESİ,mimar-sinan-guzel-sanatlar-universitesi,20.07.1982,DEVLET,İSTANBUL,MARMARA,http://www.msgsu.edu.tr,rector@msgsu.edu.tr,2122933760,0212 243 08 88,Meclis-i Mebusan Caddesi No: 24\nFındıklı 34427 İstanbul,HANDAN İNCİ ELÇİ,141.0,101.0,187.0,113.0,144.0,8826.0,5154.0,13980.0,11473.0,10490.0,21963.0,1470.0,1620.0,3090.0,319.0,396.0,715.0,22088.0,17660.0,39748.0
MUDANYA ÜNİVERSİTESİ,mudanya-universitesi,11.03.2022,VAKIF,BURSA,MARMARA,https://mudanya.edu.tr,bilgi@mudanya.edu.tr,0224 224 2022,0224 247 1704,Çağrışan Mah. 2029 Sk. No:2 16265 Mudanya/Bursa,HASAN TOSUN,6.0,0.0,19.0,2.0,2.0,97.0,197.0,294.0,3246.0,4393.0,7639.0,336.0,662.0,998.0,252.0,445.0,697.0,3931.0,5697.0,9628.0
MUĞLA SITKI KOÇMAN ÜNİVERSİTESİ,mugla-sitki-kocman-universitesi,11.07.1992,DEVLET,MUĞLA,EGE,http://www.mu.edu.tr/,okalem@mu.edu.tr,2522111000,2522239274,Muğla Sıtkı Koçman Üniversitesi Rektörlüğü 48000 Menteşe/MUĞLA,- -,247.0,217.0,380.0,499.0,437.0,8569.0,5677.0,14246.0,12622.0,11044.0,23666.0,1073.0,1324.0,2397.0,322.0,350.0,672.0,22586.0,18395.0,40981.0
MUNZUR ÜNİVERSİTESİ,munzur-universitesi,22.05.2008,DEVLET,TUNCELİ,DOĞU ANADOLU,www.munzur.edu.tr,universite@munzur.edu.tr,4282131794,4282132752,Aktuluk Mahallesi Üniversite Yerleşkesi Merkez/TUNCELİ,UBEYDE İPEK,23.0,47.0,168.0,124.0,130.0,1309.0,1298.0,2607.0,1374.0,1746.0,3120.0,347.0,202.0,549.0,8.0,9.0,17.0,3038.0,3255.0,6293.0
MUŞ ALPARSLAN ÜNİVERSİTESİ,mus-alparslan-universitesi,29.05.2007,DEVLET,MUŞ,DOĞU ANADOLU,www.alparslan.edu.tr,bilgi@alparslan.edu.tr,4362494949,4362491022,"Muş Alparslan Üniversitesi Kampusu, Rektörlük, Diyarbakır Yolu 7. km 49250- ",FETHİ AHMET POLAT,20.0,58.0,211.0,191.0,163.0,2281.0,1901.0,4182.0,2659.0,3004.0,5663.0,395.0,252.0,647.0,38.0,5.0,43.0,5373.0,5162.0,10535.0
NECMETTİN ERBAKAN ÜNİVERSİTESİ,necmettin-erbakan-universitesi,11.04.2012,DEVLET,KONYA,İÇ ANADOLU,http://www.erbakan.edu.tr,bilgi@erbakan.edu.tr,3322210699,3322362141,Yaka Mah. Yeni Meram Cad. Kasım Halife Sok. No: 11 (A Blok) Posta Kodu: 42090 Meram / ,CEM ZORLU,352.0,257.0,401.0,223.0,863.0,1906.0,1233.0,3139.0,11440.0,14689.0,26129.0,2633.0,2663.0,5296.0,644.0,476.0,1120.0,16623.0,19061.0,35684.0
NEVŞEHİR HACI BEKTAŞ VELİ ÜNİVERSİTESİ,nevsehir-haci-bektas-veli-universitesi,29.05.2007,DEVLET,NEVŞEHİR,İÇ ANADOLU,http://www.nevsehir.edu.tr/,ozelkalem@nevsehir.edu.tr,3842281073,384 215 30 58,Nevşehir Hacı Bektaş Veli Üniversitesi Rektörlüğü \n2000 Evler Mahallesi ,SEMİH AKTEKİN,51.0,74.0,226.0,221.0,178.0,2978.0,3576.0,6554.0,4652.0,6930.0,11582.0,940.0,846.0,1786.0,173.0,146.0,319.0,8743.0,11498.0,20241.0
NİĞDE ÖMER HALİSDEMİR ÜNİVERSİTESİ,nigde-omer-halisdemir-universitesi,11.07.1992,DEVLET,NİĞDE,İÇ ANADOLU,http://www.ohu.edu.tr/,ozelkalem@ohu.edu.tr,03882252602-05-06,0 388 225 26 00,Niğde Ömer Halisdemir Üniversitesi Rektörlüğü Rektörlük Binası 2. Kat Merkez Yerleşke Bor ,HASAN USLU,133.0,111.0,317.0,261.0,235.0,4306.0,2953.0,7259.0,6436.0,7003.0,13439.0,1124.0,1010.0,2134.0,265.0,188.0,453.0,12131.0,11154.0,23285.0
İSTANBUL NİŞANTAŞI ÜNİVERSİTESİ,nisantasi-universitesi,17.09.2009,VAKIF,İSTANBUL,MARMARA,http://www.nisantasi.edu.tr,genel.sekreterlik@nisantasi.edu.tr,2122101010,2125652525,"Maslak Mahallesi, Taşyoncası Sokak,\nNo: 1V ve No:1Y Bina Kodu: 34481742\n",ŞENAY YALÇIN,82.0,38.0,277.0,147.0,86.0,6120.0,4645.0,10765.0,8168.0,4820.0,12988.0,1450.0,890.0,2340.0,40.0,12.0,52.0,15778.0,10367.0,26145.0
NUH NACİ YAZGAN ÜNİVERSİTESİ,nuh-naci-yazgan-universitesi,7.07.2009,VAKIF,KAYSERİ,İÇ ANADOLU,http://www.nny.edu.tr,info@nny.edu.tr,3523240000,0352 324 00 04,Erkilet Dere Mah. Kuzey Çevreyolu Nuh Naci Yazgan Üniversitesi ,KERİM GÜNEY,17.0,11.0,59.0,7.0,30.0,0.0,0.0,0.0,907.0,1389.0,2296.0,103.0,117.0,220.0,1.0,0.0,1.0,1011.0,1506.0,2517.0
ONDOKUZ MAYIS ÜNİVERSİTESİ,ondokuz-mayis-universitesi,11.04.1975,DEVLET,SAMSUN,KARADENİZ,http://www.omu.edu.tr/,iletisim@omu.edu.tr,3624575870,0362 457 60 91,"Ondokuz Mayıs Üniversitesi Rektörlük Binası \nKurupelit Kampüsü, ",YAVUZ ÜNAL,528.0,265.0,407.0,393.0,984.0,6717.0,6235.0,12952.0,15196.0,16056.0,31252.0,2096.0,2389.0,4485.0,741.0,624.0,1365.0,24750.0,25304.0,50054.0
ORDU ÜNİVERSİTESİ,ordu-universitesi,17.03.2006,DEVLET,ORDU,KARADENİZ,http://www.odu.edu.tr,rektorozelkalem@odu.edu.tr,4522345010,45222265280,Cumhuriyet Yerleşkesi 52200 Altınordu/ORDU,ALİ AKDOĞAN,80.0,118.0,210.0,175.0,306.0,3251.0,2193.0,5444.0,4267.0,4960.0,9227.0,541.0,719.0,1260.0,108.0,109.0,217.0,8167.0,7981.0,16148.0
ORTA DOĞU TEKNİK ÜNİVERSİTESİ,orta-dogu-teknik-universitesi,15.11.1956,DEVLET,ANKARA,İÇ ANADOLU,http://www.metu.edu.tr,gensek@metu.edu.tr,3122101100,2101105,Orta Doğu Teknik Üniversitesi Üniversiteler Mah.Dumlupınar Blv.No:1 ,MUSTAFA VERŞAN KÖK,391.0,176.0,246.0,572.0,756.0,7.0,0.0,7.0,13635.0,9196.0,22831.0,2780.0,2351.0,5131.0,1655.0,1593.0,3248.0,18077.0,13140.0,31217.0
OSMANİYE KORKUT ATA ÜNİVERSİTESİ,osmaniye-korkut-ata-universitesi,29.05.2007,DEVLET,OSMANİYE,AKDENİZ,http://www.osmaniye.edu.tr,osmaniye@osmaniye.edu.tr,3288251818,328 825 00 97,Karacaoğlan Yerleşkesi 80000\nMerkez/OSMANİYE,TURGAY UZUN,39.0,56.0,183.0,165.0,149.0,2639.0,1505.0,4144.0,3288.0,3526.0,6814.0,726.0,479.0,1205.0,63.0,35.0,98.0,6716.0,5545.0,12261.0
OSTİM TEKNİK ÜNİVERSİTESİ,ostim-teknik-universitesi,1.07.2017,VAKIF,ANKARA,İÇ ANADOLU,www.ostimteknik.edu.tr,esra.demirci@ostimteknik.edu.tr,3123861092,3123543993,"OSTİM Teknik Üniversitesi OSTİM, 06374 Ankara",MURAT ALİ YÜLEK,27.0,8.0,75.0,37.0,24.0,929.0,160.0,1089.0,1652.0,659.0,2311.0,108.0,36.0,144.0,0.0,0.0,0.0,2689.0,855.0,3544.0
ÖZYEĞİN ÜNİVERSİTESİ,ozyegin-universitesi,18.05.2007,VAKIF,İSTANBUL,MARMARA,www.ozyegin.edu.tr,rector@ozyegin.edu.tr,2165649300,2165649999,Nişantepe Mah. Orman Sok. No:34-36 Çekmeköy-İstanbul,FERİDE ESRA GENÇTÜRK,40.0,33.0,154.0,149.0,55.0,0.0,0.0,0.0,4227.0,3357.0,7584.0,431.0,278.0,709.0,135.0,77.0,212.0,4793.0,3712.0,8505.0
PAMUKKALE ÜNİVERSİTESİ,pamukkale-universitesi,11.07.1992,DEVLET,DENİZLİ,EGE,http://www.pau.edu.tr,ozelkalem@pau.edu.tr,2582962020,0 258 296 23 33,Pamukkale Üniversitesi Rektörlüğü Kınıklı Yerleşkesi 20070 DENİZLİ,AHMET KUTLUHAN,398.0,245.0,414.0,463.0,789.0,5752.0,5557.0,11309.0,15878.0,14202.0,30080.0,805.0,1011.0,1816.0,327.0,406.0,733.0,22762.0,21176.0,43938.0
PİRİ REİS ÜNİVERSİTESİ,piri-reis-universitesi,30.01.2008,VAKIF,İSTANBUL,MARMARA,http://www.pirireis.edu.tr,bilgi@pirireis.edu.tr,2165810050,2165810051,"Postane Mahallesi, Eflatun Sk. No:8, 34940 Tuzla/İSTANBUL",- -,31.0,16.0,59.0,69.0,32.0,1563.0,373.0,1936.0,2470.0,868.0,3338.0,39.0,29.0,68.0,32.0,1.0,33.0,4104.0,1271.0,5375.0
RECEP TAYYİP ERDOĞAN ÜNİVERSİTESİ,recep-tayyip-erdogan-universitesi,17.03.2006,DEVLET,RİZE,KARADENİZ,erdogan.edu.tr,genel.sekreter@erdogan.edu.tr,4642238100,0464 223 6328,"Recep Tayyip Erdoğan Üniversitesi Zihni Derin Yerleşkesi, Fener Mah. 53100 RİZE",YUSUF YILMAZ,111.0,146.0,307.0,201.0,487.0,2480.0,2015.0,4495.0,4824.0,5947.0,10771.0,598.0,589.0,1187.0,128.0,97.0,225.0,8030.0,8648.0,16678.0
SABANCI ÜNİVERSİTESİ,sabanci-universitesi,7.06.1996,VAKIF,İSTANBUL,MARMARA,http://www.sabanciuniv.edu,rektor@sabanciuniv.edu,2164839000,0216 483 90 05,Sabancı Üniversite Orta Mah. Üniversite Caddesi No:27 34956 Orhanlı Tuzla İstanbu,YUSUF LEBLEBİCİ,76.0,42.0,85.0,91.0,22.0,0.0,0.0,0.0,2662.0,1550.0,4212.0,376.0,264.0,640.0,201.0,171.0,372.0,3239.0,1985.0,5224.0
SAĞLIK BİLİMLERİ ÜNİVERSİTESİ,saglik-bilimleri-universitesi,15.04.2015,DEVLET,İSTANBUL,MARMARA,http://www.sbu.edu.tr,bilgi@sbu.edu.tr,2164189616,2164189620,"Mekteb-i Tıbbiye-i Şahane (Haydarpaşa) Külliyesi, Selimiye Mah. Tıbbiye Cad. No:",CEVDET ERDÖL,1218.0,766.0,527.0,108.0,408.0,2000.0,3728.0,5728.0,4314.0,9181.0,13495.0,106.0,560.0,666.0,229.0,535.0,764.0,6649.0,14004.0,20653.0
SAKARYA ÜNİVERSİTESİ,sakarya-universitesi,11.07.1992,DEVLET,SAKARYA,MARMARA,http://www.sakarya.edu.tr,ilko@sakarya.edu.tr,2642955454,2642955032,Sakarya Üniversitesi Esentepe Kampüsü 54187 Serdivan / SAKARYA,HAMZA AL,334.0,234.0,404.0,225.0,459.0,2289.0,2450.0,4739.0,17583.0,18542.0,36125.0,3319.0,2675.0,5994.0,1004.0,616.0,1620.0,24195.0,24283.0,48478.0
SAKARYA UYGULAMALI BİLİMLER ÜNİVERSİTESİ,sakarya-uygulamali-bilimler-universitesi,18.05.2018,DEVLET,SAKARYA,MARMARA,www.subu.edu.tr,subu@subu.edu.tr,0264 6160054,0264 616 0014,Sakarya uygulamalı bilimler üniversitesi Esentepe Kampüsü Serdivan /Sakarya,MEHMET SARIBIYIK,57.0,61.0,165.0,253.0,77.0,9245.0,5806.0,15051.0,6164.0,2147.0,8311.0,924.0,402.0,1326.0,180.0,66.0,246.0,16513.0,8421.0,24934.0
SAMSUN ÜNİVERSİTESİ,samsun-universitesi,18.05.2018,DEVLET,SAMSUN,KARADENİZ,www.samsun.edu.tr,iletisim@samsun.edu.tr,0(362)3130055,0(362)3130200,Gürgenyatak Mahallesi Canik/SAMSUN,MAHMUT AYDIN,24.0,45.0,103.0,59.0,60.0,783.0,288.0,1071.0,2001.0,1562.0,3563.0,199.0,92.0,291.0,6.0,4.0,10.0,2989.0,1946.0,4935.0
SANKO ÜNİVERSİTESİ,sanko-universitesi,18.06.2013,VAKIF,GAZİANTEP,GÜNEYDOĞU ANADOLU,http://www.sanko.edu.tr,info@sanko.edu.tr,3422116500,3422116505,İncilipınar Mah. Gazi Muhtar Paşa Bulv.                                               \nNo:36 27090 Şehitkamil/,GÜNER DAĞLI,38.0,15.0,45.0,20.0,28.0,72.0,257.0,329.0,370.0,673.0,1043.0,27.0,80.0,107.0,1.0,2.0,3.0,470.0,1012.0,1482.0
SELÇUK ÜNİVERSİTESİ,selcuk-universitesi,11.04.1975,DEVLET,KONYA,İÇ ANADOLU,http://www.selcuk.edu.tr/,ozelkalem@selcuk.edu.tr,3322238400,3322238265,"Alaaddin Keykubat Kampüsü, Akademi Mahallesi, Yeni İstanbul Caddesi No:",METİN AKSOY,537.0,272.0,438.0,579.0,905.0,9946.0,7480.0,17426.0,18064.0,19873.0,37937.0,3403.0,2776.0,6179.0,1009.0,780.0,1789.0,32422.0,30909.0,63331.0
SİİRT ÜNİVERSİTESİ,siirt-universitesi,29.05.2007,DEVLET,SİİRT,GÜNEYDOĞU ANADOLU,http://siirt.edu.tr,siu@siirt.edu.tr,4842121111,4842231998,Kezer Yerleşkesi Veysel Karani Mah. Üniversite Cad. No:1 56100 Merkez/SİİRT,NİHAT ŞINDAK,35.0,91.0,189.0,157.0,184.0,2975.0,2564.0,5539.0,4864.0,4423.0,9287.0,876.0,476.0,1352.0,73.0,25.0,98.0,8788.0,7488.0,16276.0
SİNOP ÜNİVERSİTESİ,sinop-universitesi,29.05.2007,DEVLET,SİNOP,KARADENİZ,http://www.sinop.edu.tr ,sinop@sinop.edu.tr,3682715757,0-368 2715763,Korucuk Köyü Trafo Mahallesi No:36  57000 ? SİNOP,NİHAT DALGIN,46.0,67.0,175.0,199.0,101.0,2712.0,2028.0,4740.0,3068.0,3688.0,6756.0,539.0,377.0,916.0,11.0,3.0,14.0,6330.0,6096.0,12426.0
ŞIRNAK ÜNİVERSİTESİ,sirnak-universitesi,22.05.2008,DEVLET,ŞIRNAK,GÜNEYDOĞU ANADOLU,http://www.sirnak.edu.tr,posta@sirnak.edu.tr,4862168241,4862163285,Yeni Mahalle Cizre Caddesi Mehmet Emin Acar Kampüsü\n73000 Şırnak - Türkiye,- -,14.0,28.0,110.0,115.0,72.0,1027.0,963.0,1990.0,963.0,797.0,1760.0,542.0,182.0,724.0,28.0,4.0,32.0,2560.0,1946.0,4506.0
SİVAS BİLİM VE TEKNOLOJİ ÜNİVERSİTESİ,sivas-bilim-ve-teknoloji-universitesi,18.05.2018,DEVLET,SİVAS,İÇ ANADOLU,http://www.sivas.edu.tr/,bilgi@sivas.edu.tr,0 346 219 13 98,0 346 219 16 78,Yenişehir  Mah. Kardeşler Cad. No:7/1\nMerkez/SİVAS,MEHMET KUL,5.0,7.0,31.0,17.0,46.0,0.0,0.0,0.0,0.0,0.0,0.0,79.0,41.0,120.0,21.0,12.0,33.0,100.0,53.0,153.0
SİVAS CUMHURİYET ÜNİVERSİTESİ,sivas-cumhuriyet-universitesi,9.02.1974,DEVLET,SİVAS,İÇ ANADOLU,http://www.cumhuriyet.edu.tr,ryaziisl@cumhuriyet.edu.tr,3462191158,3462191110,"Cumhuriyet Üniversitesi, Yenişehşr Mah. Kayseri Caddesi 58140 Kampüs SİVAS",ALİM YILDIZ,281.0,234.0,429.0,374.0,661.0,6868.0,6105.0,12973.0,12891.0,14165.0,27056.0,1629.0,1632.0,3261.0,272.0,227.0,499.0,21660.0,22129.0,43789.0
SÜLEYMAN DEMİREL ÜNİVERSİTESİ,suleyman-demirel-universitesi,11.07.1992,DEVLET,ISPARTA,AKDENİZ,http://www.sdu.edu.tr/,bidb@sdu.edu.tr,2462111000,2462370431,Süleyman Demirel Üniversitesi Batı Yerleşkesi Rektörlük Binası 32260  Çünür / ,İLKER HÜSEYİN ÇARIKÇI,334.0,219.0,391.0,246.0,719.0,1379.0,3435.0,4814.0,14961.0,14593.0,29554.0,1450.0,1379.0,2829.0,675.0,600.0,1275.0,18465.0,20007.0,38472.0
TARSUS ÜNİVERSİTESİ,tarsus-universitesi,18.05.2018,DEVLET,MERSİN,AKDENİZ,www.tarsus.edu.tr,bilgi@tarsus.edu.tr,3246000033,3246000060,Takbaş  Mah. Kartaltepe sokak 33400 Tarsus / MERSİN,ORHAN AYDIN,14.0,30.0,73.0,65.0,55.0,1004.0,1038.0,2042.0,618.0,425.0,1043.0,271.0,147.0,418.0,25.0,27.0,52.0,1918.0,1637.0,3555.0
TED ÜNİVERSİTESİ,ted-universitesi,7.07.2009,VAKIF,ANKARA,İÇ ANADOLU,http://www.tedu.edu.tr,info@tedu.edu.tr,3125850000,3124184148,"TED Üniversitesi, Ziya Gökalp Caddesi No.48 06420, Kolej Çankaya ANKARA",İHSAN SABUNCUOĞLU,32.0,19.0,103.0,79.0,78.0,0.0,0.0,0.0,1775.0,2757.0,4532.0,58.0,148.0,206.0,0.0,6.0,6.0,1833.0,2911.0,4744.0
TEKİRDAĞ NAMIK KEMAL ÜNİVERSİTESİ,tekirdag-namik-kemal-universitesi,17.03.2006,DEVLET,TEKİRDAĞ,MARMARA,http://www.nku.edu.tr,ozelkalem@nku.edu.tr,2822501002,28225099000,Namık Kemal Mah. Kampüs Cad. No:1 Merkez-TEKİRDAĞ,MÜMİN ŞAHİN,186.0,135.0,281.0,281.0,371.0,6787.0,3726.0,10513.0,7317.0,6471.0,13788.0,884.0,891.0,1775.0,124.0,127.0,251.0,15112.0,11215.0,26327.0
TOBB EKONOMİ VE TEKNOLOJİ ÜNİVERSİTESİ,tobb-ekonomi-ve-teknoloji-universitesi,1.07.2003,VAKIF,ANKARA,İÇ ANADOLU,www.etu.edu.tr,bilgi@etu.edu.tr,3122924005,3122924099,SÖĞÜTÖZÜ CADDESİ NO:43 ÇANKAYA/ANKARA,YUSUF SARINAY,98.0,41.0,92.0,82.0,26.0,0.0,0.0,0.0,2548.0,2375.0,4923.0,298.0,255.0,553.0,83.0,47.0,130.0,2929.0,2677.0,5606.0
TOKAT GAZİOSMANPAŞA ÜNİVERSİTESİ,tokat-gaziosmanpasa-universitesi,11.07.1992,DEVLET,TOKAT,KARADENİZ,www.gop.edu.tr,gensek@gop.edu.tr,0-356-2521616,0-356-2521626,Gaziosmanpaşa Üniversitesi Rektörlüğü Taşlıçiftlik Yerleşkesi TOKAT,BÜNYAMİN ŞAHİN,143.0,176.0,379.0,361.0,479.0,5224.0,4992.0,10216.0,7715.0,8156.0,15871.0,1425.0,1298.0,2723.0,211.0,151.0,362.0,14575.0,14597.0,29172.0
TOROS ÜNİVERSİTESİ,toros-universitesi,7.07.2009,VAKIF,MERSİN,AKDENİZ,www.toros.edu.tr,rektorluk@toros.edu.tr,3243253300,0324 325 3301,Bahçelievler Kampüsü 1857 Sokak No:12 33140 Yenişehir MERSİN,ÖMER ARIÖZ,24.0,7.0,50.0,67.0,25.0,504.0,881.0,1385.0,718.0,834.0,1552.0,100.0,131.0,231.0,9.0,6.0,15.0,1331.0,1852.0,3183.0
TRABZON ÜNİVERSİTESİ,trabzon-universitesi,18.05.2018,DEVLET,TRABZON,KARADENİZ,www.trabzon.edu.tr,genelsekreterlik@trabzon.edu.tr,4624551000,4624552472,TRABZON ÜNİVERSİTESİ REKTÖRLÜĞÜ\nSöğütlü Mahallesi\n,EMİN AŞIKKUTLU,65.0,53.0,140.0,176.0,116.0,1493.0,1483.0,2976.0,2709.0,4163.0,6872.0,376.0,532.0,908.0,117.0,128.0,245.0,4695.0,6306.0,11001.0
TRAKYA ÜNİVERSİTESİ,trakya-universitesi,20.07.1982,DEVLET,EDİRNE,MARMARA,http://www.trakya.edu.tr/,genelsekreterlik@trakya.edu.tr,02842234210-11-12-13/02842364981-82-84-,2842234203,Trakya Üniversitesi Rektörlüğü 22030 Balkan Yerleşkesi / EDİRNE,ERHAN TABAKOĞLU,262.0,162.0,413.0,418.0,677.0,6241.0,4828.0,11069.0,12148.0,12252.0,24400.0,1386.0,1513.0,2899.0,323.0,351.0,674.0,20098.0,18944.0,39042.0
TÜRK HAVA KURUMU ÜNİVERSİTESİ,turk-hava-kurumu-universitesi,3.03.2011,VAKIF,ANKARA,İÇ ANADOLU,http://www.thk.edu.tr,rektor@thk.edu.tr,0312 444 84 58,0312 342 84 60,Bahçekapı Mahallesi Okul Sokak No:11 Etimesgut / ANKARA,HASAN ERBAY,7.0,13.0,38.0,60.0,22.0,429.0,202.0,631.0,1571.0,745.0,2316.0,35.0,22.0,57.0,24.0,4.0,28.0,2059.0,973.0,3032.0
TÜRK-ALMAN ÜNİVERSİTESİ,turk-alman-universitesi,7.11.2010,DEVLET,İSTANBUL,MARMARA,http://www.tau.edu.tr/,info@tau.edu.tr,0 216 333 30 00,0216 333 30 31,Şahinkaya Cad. No: 86 Beykoz/İSTANBUL,CEMAL YILDIZ,24.0,15.0,61.0,94.0,146.0,0.0,0.0,0.0,1877.0,1342.0,3219.0,167.0,134.0,301.0,24.0,16.0,40.0,2068.0,1492.0,3560.0
TÜRK-JAPON BİLİM VE TEKNOLOJİ ÜNİVERSİTESİ,turk-japon-bilim-ve-teknoloji-universitesi,24.06.2017,DEVLET,İSTANBUL,MARMARA,-,-,-,-,-,- -,,,,,,,,,,,,,,,,,,,,
"TÜRKİYE ULUSLARARASI İSLAM, BİLİM VE TEKNOLOJİ ",turkiye-uluslararasi-islam-bilim-ve-teknoloji-,23.04.2015,DEVLET,İSTANBUL,MARMARA,-,-,-,-,-,- -,,,,,,,,,,,,,,,,,,,,
UFUK ÜNİVERSİTESİ,ufuk-universitesi,18.12.1999,VAKIF,ANKARA,İÇ ANADOLU,http://www.ufuk.edu.tr,ozelkalem@ufuk.edu.tr,3125867041,3125867124,Ufuk Üniversitesi Rektörlüğü  Kızılcaşar Mahallesi İncek Bulvarı 06836 ,SERTAÇ HAMİ BAŞEREN,68.0,28.0,68.0,48.0,130.0,609.0,768.0,1377.0,982.0,1599.0,2581.0,201.0,307.0,508.0,7.0,5.0,12.0,1799.0,2679.0,4478.0
UŞAK ÜNİVERSİTESİ,usak-universitesi,17.03.2006,DEVLET,UŞAK,EGE,http://www.usak.edu.tr,ozelkalem@usak.edu.tr,2762212121,0276 221 22 02,Uşak Üniversitesi Rektörlüğü 1 Eylül Kampüsü  64200 - UŞAK,EKREM SAVAŞ,95.0,94.0,277.0,218.0,188.0,3876.0,3411.0,7287.0,9085.0,8681.0,17766.0,219.0,266.0,485.0,150.0,104.0,254.0,13330.0,12462.0,25792.0
ÜSKÜDAR ÜNİVERSİTESİ,uskudar-universitesi,3.03.2011,VAKIF,İSTANBUL,MARMARA,http://www.uskudar.edu.tr,info@uskudar.edu.tr,2164002222,0216 474 12 56,Altunizade Mah.Haluk Türksoy Sok. No:14 Üsküdar/İstanbul,MEHMET ZELKA,115.0,45.0,223.0,93.0,77.0,2426.0,4789.0,7215.0,5145.0,7549.0,12694.0,942.0,2223.0,3165.0,56.0,189.0,245.0,8569.0,14750.0,23319.0
VAN YÜZÜNCÜ YIL ÜNİVERSİTESİ,van-yuzuncu-yil-universitesi,20.07.1982,DEVLET,VAN,DOĞU ANADOLU,http://www.yyu.edu.tr/,bilgi@yyu.edu.tr,4445065,0 432 486 54 13,"Van Yüzüncü Yıl Üniversitesi Rektörlüğü, 65080, Kampüs / VAN",HAMDULLAH ŞEVLİ,193.0,261.0,478.0,269.0,569.0,3886.0,3091.0,6977.0,7564.0,7166.0,14730.0,1949.0,1315.0,3264.0,463.0,221.0,684.0,13862.0,11793.0,25655.0
YALOVA ÜNİVERSİTESİ,yalova-universitesi,22.05.2008,DEVLET,YALOVA,MARMARA,http://www.yalova.edu.tr/rektorluk,ozelkalem@yalova.edu.tr,2268155001,226 815 50 04,Çınarcık Yolu 2.km Merkez Kampüsü Yalova,MEHMET BAHÇEKAPILI,63.0,47.0,175.0,178.0,167.0,3416.0,2804.0,6220.0,4104.0,3655.0,7759.0,590.0,411.0,1001.0,150.0,113.0,263.0,8260.0,6983.0,15243.0
YAŞAR ÜNİVERSİTESİ,yasar-universitesi,14.04.2001,VAKIF,İZMİR,EGE,http://www.yasar.edu.tr,burcu.sagir@yasar.edu.tr,2325707100,2325707000,"Üniversite Cad., No.:35-37, Ağaçlı Yol, Bornova-İZMİR",MEHMET CEMALİ DİNÇER,59.0,48.0,113.0,120.0,96.0,881.0,585.0,1466.0,3370.0,3165.0,6535.0,214.0,298.0,512.0,80.0,85.0,165.0,4545.0,4133.0,8678.0
YEDİTEPE ÜNİVERSİTESİ,yeditepe-universitesi,7.06.1996,VAKIF,İSTANBUL,MARMARA,http://www.yeditepe.edu.tr/,caykutbingol@yeditepe.edu.tr,2165780203,0216 578 00 00,26 Ağustos Yerleşimi.Kayışdağı Cad.34755 Ataşehir/İstanbul,CANAN AYKUT BİNGÖL,219.0,103.0,265.0,253.0,206.0,397.0,44.0,441.0,8081.0,9272.0,17353.0,625.0,1330.0,1955.0,440.0,678.0,1118.0,9543.0,11324.0,20867.0
YILDIZ TEKNİK ÜNİVERSİTESİ,yildiz-teknik-universitesi,20.07.1982,DEVLET,İSTANBUL,MARMARA,http://www.yildiz.edu.tr,ozelkalem@yildiz.edu.tr,2122277119,0212 2276990,Davutpaşa Mah. Davutpaşa Cad. 34220 Esenler - İstanbul,TAMER YILMAZ,344.0,259.0,301.0,318.0,437.0,137.0,47.0,184.0,15338.0,11749.0,27087.0,3837.0,3801.0,7638.0,1473.0,1494.0,2967.0,20785.0,17091.0,37876.0
YOZGAT BOZOK ÜNİVERSİTESİ,yozgat-bozok-universitesi,17.03.2006,DEVLET,YOZGAT,İÇ ANADOLU,http://www.bozok.edu.tr/,ozel.kalem@bozok.edu.tr,3542123728,0 354 212 28 37,Medrese Mahallesi Adnan Menderes Bulvarı No:118 66200 Yozgat,AHMET KARADAĞ,65.0,113.0,254.0,281.0,239.0,4683.0,3470.0,8153.0,5750.0,6268.0,12018.0,816.0,645.0,1461.0,81.0,31.0,112.0,11330.0,10414.0,21744.0
YÜKSEK İHTİSAS ÜNİVERSİTESİ,yuksek-ihtisas-universitesi,2.08.2013,VAKIF,ANKARA,İÇ ANADOLU,Yüksek İhtisas Üniversitesi,yiu@yiu.edu.tr,0312 329 1010,0312 329 1015,İşçi blokları mahallesi 1505. sokak Çankaya/ANKARA,MUSTAFA PAÇ,85.0,16.0,96.0,44.0,11.0,265.0,522.0,787.0,376.0,788.0,1164.0,2.0,5.0,7.0,0.0,0.0,0.0,643.0,1315.0,1958.0
ZONGULDAK BÜLENT ECEVİT ÜNİVERSİTESİ,zonguldak-bulent-ecevit-universitesi,11.07.1992,DEVLET,ZONGULDAK,KARADENİZ,https://www.beun.edu.tr,rektor@beun.edu.tr,0372 291 11 00,0  372 257 50 78,Zonguldak Bülent Ecevit Üniversitesi Rektörlüğü\nİncivez-ZONGULDAK,İSMAİL HAKKI ÖZÖLÇER,147.0,124.0,313.0,326.0,477.0,5827.0,5380.0,11207.0,9087.0,9258.0,18345.0,1090.0,905.0,1995.0,155.0,116.0,271.0,16159.0,15659.0,31818.0
